2026-07-15 05:48:57,625 - osint_nexus.validator - INFO - Validator initialised for 'testuser' with 3 rules
2026-07-15 05:48:57,626 - osint_nexus.hierarchy - INFO - Subsystem 'evasion' registered.
2026-07-15 05:48:57,626 - osint_nexus.hierarchy - INFO - Subsystem 'network' registered.
2026-07-15 05:48:57,627 - osint_nexus.hierarchy - INFO - Subsystem 'fingerprint' registered.
2026-07-15 05:48:57,648 - osint_nexus.cli - ERROR - Failed to generate final report: 1 validation error for ScanReport
confidence_score
  Input should be a valid number [type=float_type, input_value=ConfidenceResult(score=0....gory='None', details={}), input_type=ConfidenceResult]
    For further information visit https://errors.pydantic.dev/2.13/v/float_type
2026-07-15 05:49:04,727 - osint_nexus.validator - INFO - Validator initialised for 'testuser' with 3 rules
2026-07-15 05:49:04,727 - osint_nexus.hierarchy - INFO - Subsystem 'evasion' registered.
2026-07-15 05:49:04,728 - osint_nexus.hierarchy - INFO - Subsystem 'network' registered.
2026-07-15 05:49:04,728 - osint_nexus.hierarchy - INFO - Subsystem 'fingerprint' registered.
2026-07-15 05:49:04,739 - osint_nexus - INFO - Agent starting scan for: testuser
2026-07-15 05:49:04,741 - osint_nexus.orchestrator - ERROR - Scan failure in Telegram: GenericProvider.check_username() got an unexpected keyword argument 'network'
Traceback (most recent call last):
  File "/data/data/com.termux/files/home/osint-nexus/osint_nexus/core/orchestrator.py", line 104, in _execute_provider
    raw_found, content = await provider.check_username(
                               ~~~~~~~~~~~~~~~~~~~~~~~^
        username,
        ^^^^^^^^^
    ...<2 lines>...
        **microlink_options
        ^^^^^^^^^^^^^^^^^^^
    )
    ^
TypeError: GenericProvider.check_username() got an unexpected keyword argument 'network'
2026-07-15 05:49:04,745 - osint_nexus.orchestrator - ERROR - Scan failure in Instagram: GenericProvider.check_username() got an unexpected keyword argument 'network'
Traceback (most recent call last):
  File "/data/data/com.termux/files/home/osint-nexus/osint_nexus/core/orchestrator.py", line 104, in _execute_provider
    raw_found, content = await provider.check_username(
                               ~~~~~~~~~~~~~~~~~~~~~~~^
        username,
        ^^^^^^^^^
    ...<2 lines>...
        **microlink_options
        ^^^^^^^^^^^^^^^^^^^
    )
    ^
TypeError: GenericProvider.check_username() got an unexpected keyword argument 'network'
2026-07-15 05:49:04,746 - osint_nexus.orchestrator - ERROR - Scan failure in X: GenericProvider.check_username() got an unexpected keyword argument 'network'
Traceback (most recent call last):
  File "/data/data/com.termux/files/home/osint-nexus/osint_nexus/core/orchestrator.py", line 104, in _execute_provider
    raw_found, content = await provider.check_username(
                               ~~~~~~~~~~~~~~~~~~~~~~~^
        username,
        ^^^^^^^^^
    ...<2 lines>...
        **microlink_options
        ^^^^^^^^^^^^^^^^^^^
    )
    ^
TypeError: GenericProvider.check_username() got an unexpected keyword argument 'network'
2026-07-15 05:49:04,747 - osint_nexus.orchestrator - ERROR - Scan failure in Facebook: GenericProvider.check_username() got an unexpected keyword argument 'network'
Traceback (most recent call last):
  File "/data/data/com.termux/files/home/osint-nexus/osint_nexus/core/orchestrator.py", line 104, in _execute_provider
    raw_found, content = await provider.check_username(
                               ~~~~~~~~~~~~~~~~~~~~~~~^
        username,
        ^^^^^^^^^
    ...<2 lines>...
        **microlink_options
        ^^^^^^^^^^^^^^^^^^^
    )
    ^
TypeError: GenericProvider.check_username() got an unexpected keyword argument 'network'
2026-07-15 05:49:04,748 - osint_nexus.orchestrator - ERROR - Scan failure in Bluesky: GenericProvider.check_username() got an unexpected keyword argument 'network'
Traceback (most recent call last):
  File "/data/data/com.termux/files/home/osint-nexus/osint_nexus/core/orchestrator.py", line 104, in _execute_provider
    raw_found, content = await provider.check_username(
                               ~~~~~~~~~~~~~~~~~~~~~~~^
        username,
        ^^^^^^^^^
    ...<2 lines>...
        **microlink_options
        ^^^^^^^^^^^^^^^^^^^
    )
    ^
TypeError: GenericProvider.check_username() got an unexpected keyword argument 'network'
2026-07-15 05:49:04,748 - osint_nexus.orchestrator - ERROR - Scan failure in Threads: GenericProvider.check_username() got an unexpected keyword argument 'network'
Traceback (most recent call last):
  File "/data/data/com.termux/files/home/osint-nexus/osint_nexus/core/orchestrator.py", line 104, in _execute_provider
    raw_found, content = await provider.check_username(
                               ~~~~~~~~~~~~~~~~~~~~~~~^
        username,
        ^^^^^^^^^
    ...<2 lines>...
        **microlink_options
        ^^^^^^^^^^^^^^^^^^^
    )
    ^
TypeError: GenericProvider.check_username() got an unexpected keyword argument 'network'
2026-07-15 05:49:04,749 - osint_nexus.orchestrator - ERROR - Scan failure in GitHub: GenericProvider.check_username() got an unexpected keyword argument 'network'
Traceback (most recent call last):
  File "/data/data/com.termux/files/home/osint-nexus/osint_nexus/core/orchestrator.py", line 104, in _execute_provider
    raw_found, content = await provider.check_username(
                               ~~~~~~~~~~~~~~~~~~~~~~~^
        username,
        ^^^^^^^^^
    ...<2 lines>...
        **microlink_options
        ^^^^^^^^^^^^^^^^^^^
    )
    ^
TypeError: GenericProvider.check_username() got an unexpected keyword argument 'network'
2026-07-15 05:49:04,750 - osint_nexus.orchestrator - ERROR - Scan failure in Discord: GenericProvider.check_username() got an unexpected keyword argument 'network'
Traceback (most recent call last):
  File "/data/data/com.termux/files/home/osint-nexus/osint_nexus/core/orchestrator.py", line 104, in _execute_provider
    raw_found, content = await provider.check_username(
                               ~~~~~~~~~~~~~~~~~~~~~~~^
        username,
        ^^^^^^^^^
    ...<2 lines>...
        **microlink_options
        ^^^^^^^^^^^^^^^^^^^
    )
    ^
TypeError: GenericProvider.check_username() got an unexpected keyword argument 'network'
2026-07-15 05:49:04,750 - osint_nexus.orchestrator - ERROR - Scan failure in LinkedIn: GenericProvider.check_username() got an unexpected keyword argument 'network'
Traceback (most recent call last):
  File "/data/data/com.termux/files/home/osint-nexus/osint_nexus/core/orchestrator.py", line 104, in _execute_provider
    raw_found, content = await provider.check_username(
                               ~~~~~~~~~~~~~~~~~~~~~~~^
        username,
        ^^^^^^^^^
    ...<2 lines>...
        **microlink_options
        ^^^^^^^^^^^^^^^^^^^
    )
    ^
TypeError: GenericProvider.check_username() got an unexpected keyword argument 'network'
2026-07-15 05:49:04,751 - osint_nexus.orchestrator - ERROR - Scan failure in TikTok: GenericProvider.check_username() got an unexpected keyword argument 'network'
Traceback (most recent call last):
  File "/data/data/com.termux/files/home/osint-nexus/osint_nexus/core/orchestrator.py", line 104, in _execute_provider
    raw_found, content = await provider.check_username(
                               ~~~~~~~~~~~~~~~~~~~~~~~^
        username,
        ^^^^^^^^^
    ...<2 lines>...
        **microlink_options
        ^^^^^^^^^^^^^^^^^^^
    )
    ^
TypeError: GenericProvider.check_username() got an unexpected keyword argument 'network'
2026-07-15 05:49:04,752 - osint_nexus.orchestrator - ERROR - Scan failure in Snapchat: GenericProvider.check_username() got an unexpected keyword argument 'network'
Traceback (most recent call last):
  File "/data/data/com.termux/files/home/osint-nexus/osint_nexus/core/orchestrator.py", line 104, in _execute_provider
    raw_found, content = await provider.check_username(
                               ~~~~~~~~~~~~~~~~~~~~~~~^
        username,
        ^^^^^^^^^
    ...<2 lines>...
        **microlink_options
        ^^^^^^^^^^^^^^^^^^^
    )
    ^
TypeError: GenericProvider.check_username() got an unexpected keyword argument 'network'
2026-07-15 05:49:04,753 - osint_nexus.orchestrator - ERROR - Scan failure in Reddit: GenericProvider.check_username() got an unexpected keyword argument 'network'
Traceback (most recent call last):
  File "/data/data/com.termux/files/home/osint-nexus/osint_nexus/core/orchestrator.py", line 104, in _execute_provider
    raw_found, content = await provider.check_username(
                               ~~~~~~~~~~~~~~~~~~~~~~~^
        username,
        ^^^^^^^^^
    ...<2 lines>...
        **microlink_options
        ^^^^^^^^^^^^^^^^^^^
    )
    ^
TypeError: GenericProvider.check_username() got an unexpected keyword argument 'network'
2026-07-15 05:49:04,753 - osint_nexus.orchestrator - ERROR - Scan failure in Pinterest: GenericProvider.check_username() got an unexpected keyword argument 'network'
Traceback (most recent call last):
  File "/data/data/com.termux/files/home/osint-nexus/osint_nexus/core/orchestrator.py", line 104, in _execute_provider
    raw_found, content = await provider.check_username(
                               ~~~~~~~~~~~~~~~~~~~~~~~^
        username,
        ^^^^^^^^^
    ...<2 lines>...
        **microlink_options
        ^^^^^^^^^^^^^^^^^^^
    )
    ^
TypeError: GenericProvider.check_username() got an unexpected keyword argument 'network'
2026-07-15 05:49:04,754 - osint_nexus.orchestrator - ERROR - Scan failure in Twitch: GenericProvider.check_username() got an unexpected keyword argument 'network'
Traceback (most recent call last):
  File "/data/data/com.termux/files/home/osint-nexus/osint_nexus/core/orchestrator.py", line 104, in _execute_provider
    raw_found, content = await provider.check_username(
                               ~~~~~~~~~~~~~~~~~~~~~~~^
        username,
        ^^^^^^^^^
    ...<2 lines>...
        **microlink_options
        ^^^^^^^^^^^^^^^^^^^
    )
    ^
TypeError: GenericProvider.check_username() got an unexpected keyword argument 'network'
2026-07-15 05:49:04,755 - osint_nexus.orchestrator - ERROR - Scan failure in Medium: GenericProvider.check_username() got an unexpected keyword argument 'network'
Traceback (most recent call last):
  File "/data/data/com.termux/files/home/osint-nexus/osint_nexus/core/orchestrator.py", line 104, in _execute_provider
    raw_found, content = await provider.check_username(
                               ~~~~~~~~~~~~~~~~~~~~~~~^
        username,
        ^^^^^^^^^
    ...<2 lines>...
        **microlink_options
        ^^^^^^^^^^^^^^^^^^^
    )
    ^
TypeError: GenericProvider.check_username() got an unexpected keyword argument 'network'
2026-07-15 05:49:04,756 - osint_nexus.orchestrator - ERROR - Scan failure in GitLab: GenericProvider.check_username() got an unexpected keyword argument 'network'
Traceback (most recent call last):
  File "/data/data/com.termux/files/home/osint-nexus/osint_nexus/core/orchestrator.py", line 104, in _execute_provider
    raw_found, content = await provider.check_username(
                               ~~~~~~~~~~~~~~~~~~~~~~~^
        username,
        ^^^^^^^^^
    ...<2 lines>...
        **microlink_options
        ^^^^^^^^^^^^^^^^^^^
    )
    ^
TypeError: GenericProvider.check_username() got an unexpected keyword argument 'network'
2026-07-15 05:49:04,756 - osint_nexus.orchestrator - ERROR - Scan failure in StackOverflow: GenericProvider.check_username() got an unexpected keyword argument 'network'
Traceback (most recent call last):
  File "/data/data/com.termux/files/home/osint-nexus/osint_nexus/core/orchestrator.py", line 104, in _execute_provider
    raw_found, content = await provider.check_username(
                               ~~~~~~~~~~~~~~~~~~~~~~~^
        username,
        ^^^^^^^^^
    ...<2 lines>...
        **microlink_options
        ^^^^^^^^^^^^^^^^^^^
    )
    ^
TypeError: GenericProvider.check_username() got an unexpected keyword argument 'network'
2026-07-15 05:49:04,757 - osint_nexus.orchestrator - ERROR - Scan failure in Rubika: GenericProvider.check_username() got an unexpected keyword argument 'network'
Traceback (most recent call last):
  File "/data/data/com.termux/files/home/osint-nexus/osint_nexus/core/orchestrator.py", line 104, in _execute_provider
    raw_found, content = await provider.check_username(
                               ~~~~~~~~~~~~~~~~~~~~~~~^
        username,
        ^^^^^^^^^
    ...<2 lines>...
        **microlink_options
        ^^^^^^^^^^^^^^^^^^^
    )
    ^
TypeError: GenericProvider.check_username() got an unexpected keyword argument 'network'
2026-07-15 05:49:04,758 - osint_nexus.orchestrator - ERROR - Scan failure in Bale: GenericProvider.check_username() got an unexpected keyword argument 'network'
Traceback (most recent call last):
  File "/data/data/com.termux/files/home/osint-nexus/osint_nexus/core/orchestrator.py", line 104, in _execute_provider
    raw_found, content = await provider.check_username(
                               ~~~~~~~~~~~~~~~~~~~~~~~^
        username,
        ^^^^^^^^^
    ...<2 lines>...
        **microlink_options
        ^^^^^^^^^^^^^^^^^^^
    )
    ^
TypeError: GenericProvider.check_username() got an unexpected keyword argument 'network'
2026-07-15 05:49:04,759 - osint_nexus.orchestrator - ERROR - Scan failure in Eitaa: GenericProvider.check_username() got an unexpected keyword argument 'network'
Traceback (most recent call last):
  File "/data/data/com.termux/files/home/osint-nexus/osint_nexus/core/orchestrator.py", line 104, in _execute_provider
    raw_found, content = await provider.check_username(
                               ~~~~~~~~~~~~~~~~~~~~~~~^
        username,
        ^^^^^^^^^
    ...<2 lines>...
        **microlink_options
        ^^^^^^^^^^^^^^^^^^^
    )
    ^
TypeError: GenericProvider.check_username() got an unexpected keyword argument 'network'
2026-07-15 05:49:04,759 - osint_nexus.orchestrator - ERROR - Scan failure in Soroush+: GenericProvider.check_username() got an unexpected keyword argument 'network'
Traceback (most recent call last):
  File "/data/data/com.termux/files/home/osint-nexus/osint_nexus/core/orchestrator.py", line 104, in _execute_provider
    raw_found, content = await provider.check_username(
                               ~~~~~~~~~~~~~~~~~~~~~~~^
        username,
        ^^^^^^^^^
    ...<2 lines>...
        **microlink_options
        ^^^^^^^^^^^^^^^^^^^
    )
    ^
TypeError: GenericProvider.check_username() got an unexpected keyword argument 'network'
2026-07-15 05:49:04,760 - osint_nexus.orchestrator - ERROR - Scan failure in Shad: GenericProvider.check_username() got an unexpected keyword argument 'network'
Traceback (most recent call last):
  File "/data/data/com.termux/files/home/osint-nexus/osint_nexus/core/orchestrator.py", line 104, in _execute_provider
    raw_found, content = await provider.check_username(
                               ~~~~~~~~~~~~~~~~~~~~~~~^
        username,
        ^^^^^^^^^
    ...<2 lines>...
        **microlink_options
        ^^^^^^^^^^^^^^^^^^^
    )
    ^
TypeError: GenericProvider.check_username() got an unexpected keyword argument 'network'
2026-07-15 05:49:04,761 - osint_nexus.orchestrator - ERROR - Scan failure in Gap: GenericProvider.check_username() got an unexpected keyword argument 'network'
Traceback (most recent call last):
  File "/data/data/com.termux/files/home/osint-nexus/osint_nexus/core/orchestrator.py", line 104, in _execute_provider
    raw_found, content = await provider.check_username(
                               ~~~~~~~~~~~~~~~~~~~~~~~^
        username,
        ^^^^^^^^^
    ...<2 lines>...
        **microlink_options
        ^^^^^^^^^^^^^^^^^^^
    )
    ^
TypeError: GenericProvider.check_username() got an unexpected keyword argument 'network'
2026-07-15 05:49:04,761 - osint_nexus.orchestrator - ERROR - Scan failure in IGap: GenericProvider.check_username() got an unexpected keyword argument 'network'
Traceback (most recent call last):
  File "/data/data/com.termux/files/home/osint-nexus/osint_nexus/core/orchestrator.py", line 104, in _execute_provider
    raw_found, content = await provider.check_username(
                               ~~~~~~~~~~~~~~~~~~~~~~~^
        username,
        ^^^^^^^^^
    ...<2 lines>...
        **microlink_options
        ^^^^^^^^^^^^^^^^^^^
    )
    ^
TypeError: GenericProvider.check_username() got an unexpected keyword argument 'network'
2026-07-15 05:49:04,762 - osint_nexus.orchestrator - ERROR - Scan failure in Aparat: GenericProvider.check_username() got an unexpected keyword argument 'network'
Traceback (most recent call last):
  File "/data/data/com.termux/files/home/osint-nexus/osint_nexus/core/orchestrator.py", line 104, in _execute_provider
    raw_found, content = await provider.check_username(
                               ~~~~~~~~~~~~~~~~~~~~~~~^
        username,
        ^^^^^^^^^
    ...<2 lines>...
        **microlink_options
        ^^^^^^^^^^^^^^^^^^^
    )
    ^
TypeError: GenericProvider.check_username() got an unexpected keyword argument 'network'
2026-07-15 05:49:04,763 - osint_nexus.orchestrator - ERROR - Scan failure in Virasty: GenericProvider.check_username() got an unexpected keyword argument 'network'
Traceback (most recent call last):
  File "/data/data/com.termux/files/home/osint-nexus/osint_nexus/core/orchestrator.py", line 104, in _execute_provider
    raw_found, content = await provider.check_username(
                               ~~~~~~~~~~~~~~~~~~~~~~~^
        username,
        ^^^^^^^^^
    ...<2 lines>...
        **microlink_options
        ^^^^^^^^^^^^^^^^^^^
    )
    ^
TypeError: GenericProvider.check_username() got an unexpected keyword argument 'network'
2026-07-15 05:49:04,763 - osint_nexus.orchestrator - ERROR - Scan failure in Nashenas: GenericProvider.check_username() got an unexpected keyword argument 'network'
Traceback (most recent call last):
  File "/data/data/com.termux/files/home/osint-nexus/osint_nexus/core/orchestrator.py", line 104, in _execute_provider
    raw_found, content = await provider.check_username(
                               ~~~~~~~~~~~~~~~~~~~~~~~^
        username,
        ^^^^^^^^^
    ...<2 lines>...
        **microlink_options
        ^^^^^^^^^^^^^^^^^^^
    )
    ^
TypeError: GenericProvider.check_username() got an unexpected keyword argument 'network'
2026-07-15 05:49:04,766 - osint_nexus.cli - ERROR - Failed to generate final report: 1 validation error for ScanReport
confidence_score
  Input should be a valid number [type=float_type, input_value=ConfidenceResult(score=0....gory='None', details={}), input_type=ConfidenceResult]
    For further information visit https://errors.pydantic.dev/2.13/v/float_type
2026-07-15 05:49:04,770 - asyncio - ERROR - Task exception was never retrieved
future: <Task finished name='Task-4' coro=<ScanOrchestrator.run_scan.<locals>._semaphored_worker() done, defined at /data/data/com.termux/files/home/osint-nexus/osint_nexus/core/orchestrator.py:139> exception=1 validation error for IntelligenceObject
platform
  String should have at least 2 characters [type=string_too_short, input_value='X', input_type=str]
    For further information visit https://errors.pydantic.dev/2.13/v/string_too_short>
Traceback (most recent call last):
  File "/data/data/com.termux/files/home/osint-nexus/osint_nexus/core/orchestrator.py", line 147, in _semaphored_worker
    return await asyncio.wait_for(_execute_provider(provider), timeout=timeout)
           ^^^^^^^^^^^^^^^^^^^^^^^^^^^^^^^^^^^^^^^^^^^^^^^^^^^^^^^^^^^^^^^^^^^^
  File "/data/data/com.termux/files/usr/lib/python3.14/asyncio/tasks.py", line 488, in wait_for
    return await fut
           ^^^^^^^^^
  File "/data/data/com.termux/files/home/osint-nexus/osint_nexus/core/orchestrator.py", line 137, in _execute_provider
    return self._build_error_intel(provider.name, username, f"Error: {type(exc).__name__}")
           ~~~~~~~~~~~~~~~~~~~~~~~^^^^^^^^^^^^^^^^^^^^^^^^^^^^^^^^^^^^^^^^^^^^^^^^^^^^^^^^^
  File "/data/data/com.termux/files/home/osint-nexus/osint_nexus/core/orchestrator.py", line 165, in _build_error_intel
    return IntelligenceObject(
        platform=platform,
    ...<3 lines>...
        metadata={"error": error_msg}
    )
  File "/data/data/com.termux/files/usr/lib/python3.14/site-packages/pydantic/main.py", line 263, in __init__
    validated_self = self.__pydantic_validator__.validate_python(data, self_instance=self)
pydantic_core._pydantic_core.ValidationError: 1 validation error for IntelligenceObject
platform
  String should have at least 2 characters [type=string_too_short, input_value='X', input_type=str]
    For further information visit https://errors.pydantic.dev/2.13/v/string_too_short
2026-07-15 05:50:14,963 - osint_nexus.validator - INFO - Validator initialised for 'testuser' with 3 rules
2026-07-15 05:50:14,964 - osint_nexus.hierarchy - INFO - Subsystem 'evasion' registered.
2026-07-15 05:50:14,964 - osint_nexus.hierarchy - INFO - Subsystem 'network' registered.
2026-07-15 05:50:14,964 - osint_nexus.hierarchy - INFO - Subsystem 'fingerprint' registered.
2026-07-15 05:50:14,977 - osint_nexus - INFO - Agent starting scan for: testuser
2026-07-15 05:50:14,980 - osint_nexus.orchestrator - ERROR - Scan failure in Telegram: GenericProvider.check_username() got an unexpected keyword argument 'network'
Traceback (most recent call last):
  File "/data/data/com.termux/files/home/osint-nexus/osint_nexus/core/orchestrator.py", line 104, in _execute_provider
    raw_found, content = await provider.check_username(
                               ~~~~~~~~~~~~~~~~~~~~~~~^
        username,
        ^^^^^^^^^
    ...<2 lines>...
        **microlink_options
        ^^^^^^^^^^^^^^^^^^^
    )
    ^
TypeError: GenericProvider.check_username() got an unexpected keyword argument 'network'
2026-07-15 05:50:14,982 - osint_nexus.orchestrator - ERROR - Scan failure in Instagram: GenericProvider.check_username() got an unexpected keyword argument 'network'
Traceback (most recent call last):
  File "/data/data/com.termux/files/home/osint-nexus/osint_nexus/core/orchestrator.py", line 104, in _execute_provider
    raw_found, content = await provider.check_username(
                               ~~~~~~~~~~~~~~~~~~~~~~~^
        username,
        ^^^^^^^^^
    ...<2 lines>...
        **microlink_options
        ^^^^^^^^^^^^^^^^^^^
    )
    ^
TypeError: GenericProvider.check_username() got an unexpected keyword argument 'network'
2026-07-15 05:50:14,983 - osint_nexus.orchestrator - ERROR - Scan failure in X: GenericProvider.check_username() got an unexpected keyword argument 'network'
Traceback (most recent call last):
  File "/data/data/com.termux/files/home/osint-nexus/osint_nexus/core/orchestrator.py", line 104, in _execute_provider
    raw_found, content = await provider.check_username(
                               ~~~~~~~~~~~~~~~~~~~~~~~^
        username,
        ^^^^^^^^^
    ...<2 lines>...
        **microlink_options
        ^^^^^^^^^^^^^^^^^^^
    )
    ^
TypeError: GenericProvider.check_username() got an unexpected keyword argument 'network'
2026-07-15 05:50:14,984 - osint_nexus.orchestrator - ERROR - Scan failure in Facebook: GenericProvider.check_username() got an unexpected keyword argument 'network'
Traceback (most recent call last):
  File "/data/data/com.termux/files/home/osint-nexus/osint_nexus/core/orchestrator.py", line 104, in _execute_provider
    raw_found, content = await provider.check_username(
                               ~~~~~~~~~~~~~~~~~~~~~~~^
        username,
        ^^^^^^^^^
    ...<2 lines>...
        **microlink_options
        ^^^^^^^^^^^^^^^^^^^
    )
    ^
TypeError: GenericProvider.check_username() got an unexpected keyword argument 'network'
2026-07-15 05:50:14,985 - osint_nexus.orchestrator - ERROR - Scan failure in Bluesky: GenericProvider.check_username() got an unexpected keyword argument 'network'
Traceback (most recent call last):
  File "/data/data/com.termux/files/home/osint-nexus/osint_nexus/core/orchestrator.py", line 104, in _execute_provider
    raw_found, content = await provider.check_username(
                               ~~~~~~~~~~~~~~~~~~~~~~~^
        username,
        ^^^^^^^^^
    ...<2 lines>...
        **microlink_options
        ^^^^^^^^^^^^^^^^^^^
    )
    ^
TypeError: GenericProvider.check_username() got an unexpected keyword argument 'network'
2026-07-15 05:50:14,987 - osint_nexus.orchestrator - ERROR - Scan failure in Threads: GenericProvider.check_username() got an unexpected keyword argument 'network'
Traceback (most recent call last):
  File "/data/data/com.termux/files/home/osint-nexus/osint_nexus/core/orchestrator.py", line 104, in _execute_provider
    raw_found, content = await provider.check_username(
                               ~~~~~~~~~~~~~~~~~~~~~~~^
        username,
        ^^^^^^^^^
    ...<2 lines>...
        **microlink_options
        ^^^^^^^^^^^^^^^^^^^
    )
    ^
TypeError: GenericProvider.check_username() got an unexpected keyword argument 'network'
2026-07-15 05:50:14,987 - osint_nexus.orchestrator - ERROR - Scan failure in GitHub: GenericProvider.check_username() got an unexpected keyword argument 'network'
Traceback (most recent call last):
  File "/data/data/com.termux/files/home/osint-nexus/osint_nexus/core/orchestrator.py", line 104, in _execute_provider
    raw_found, content = await provider.check_username(
                               ~~~~~~~~~~~~~~~~~~~~~~~^
        username,
        ^^^^^^^^^
    ...<2 lines>...
        **microlink_options
        ^^^^^^^^^^^^^^^^^^^
    )
    ^
TypeError: GenericProvider.check_username() got an unexpected keyword argument 'network'
2026-07-15 05:50:14,988 - osint_nexus.orchestrator - ERROR - Scan failure in Discord: GenericProvider.check_username() got an unexpected keyword argument 'network'
Traceback (most recent call last):
  File "/data/data/com.termux/files/home/osint-nexus/osint_nexus/core/orchestrator.py", line 104, in _execute_provider
    raw_found, content = await provider.check_username(
                               ~~~~~~~~~~~~~~~~~~~~~~~^
        username,
        ^^^^^^^^^
    ...<2 lines>...
        **microlink_options
        ^^^^^^^^^^^^^^^^^^^
    )
    ^
TypeError: GenericProvider.check_username() got an unexpected keyword argument 'network'
2026-07-15 05:50:14,989 - osint_nexus.orchestrator - ERROR - Scan failure in LinkedIn: GenericProvider.check_username() got an unexpected keyword argument 'network'
Traceback (most recent call last):
  File "/data/data/com.termux/files/home/osint-nexus/osint_nexus/core/orchestrator.py", line 104, in _execute_provider
    raw_found, content = await provider.check_username(
                               ~~~~~~~~~~~~~~~~~~~~~~~^
        username,
        ^^^^^^^^^
    ...<2 lines>...
        **microlink_options
        ^^^^^^^^^^^^^^^^^^^
    )
    ^
TypeError: GenericProvider.check_username() got an unexpected keyword argument 'network'
2026-07-15 05:50:14,990 - osint_nexus.orchestrator - ERROR - Scan failure in TikTok: GenericProvider.check_username() got an unexpected keyword argument 'network'
Traceback (most recent call last):
  File "/data/data/com.termux/files/home/osint-nexus/osint_nexus/core/orchestrator.py", line 104, in _execute_provider
    raw_found, content = await provider.check_username(
                               ~~~~~~~~~~~~~~~~~~~~~~~^
        username,
        ^^^^^^^^^
    ...<2 lines>...
        **microlink_options
        ^^^^^^^^^^^^^^^^^^^
    )
    ^
TypeError: GenericProvider.check_username() got an unexpected keyword argument 'network'
2026-07-15 05:50:14,991 - osint_nexus.orchestrator - ERROR - Scan failure in Snapchat: GenericProvider.check_username() got an unexpected keyword argument 'network'
Traceback (most recent call last):
  File "/data/data/com.termux/files/home/osint-nexus/osint_nexus/core/orchestrator.py", line 104, in _execute_provider
    raw_found, content = await provider.check_username(
                               ~~~~~~~~~~~~~~~~~~~~~~~^
        username,
        ^^^^^^^^^
    ...<2 lines>...
        **microlink_options
        ^^^^^^^^^^^^^^^^^^^
    )
    ^
TypeError: GenericProvider.check_username() got an unexpected keyword argument 'network'
2026-07-15 05:50:14,992 - osint_nexus.orchestrator - ERROR - Scan failure in Reddit: GenericProvider.check_username() got an unexpected keyword argument 'network'
Traceback (most recent call last):
  File "/data/data/com.termux/files/home/osint-nexus/osint_nexus/core/orchestrator.py", line 104, in _execute_provider
    raw_found, content = await provider.check_username(
                               ~~~~~~~~~~~~~~~~~~~~~~~^
        username,
        ^^^^^^^^^
    ...<2 lines>...
        **microlink_options
        ^^^^^^^^^^^^^^^^^^^
    )
    ^
TypeError: GenericProvider.check_username() got an unexpected keyword argument 'network'
2026-07-15 05:50:14,993 - osint_nexus.orchestrator - ERROR - Scan failure in Pinterest: GenericProvider.check_username() got an unexpected keyword argument 'network'
Traceback (most recent call last):
  File "/data/data/com.termux/files/home/osint-nexus/osint_nexus/core/orchestrator.py", line 104, in _execute_provider
    raw_found, content = await provider.check_username(
                               ~~~~~~~~~~~~~~~~~~~~~~~^
        username,
        ^^^^^^^^^
    ...<2 lines>...
        **microlink_options
        ^^^^^^^^^^^^^^^^^^^
    )
    ^
TypeError: GenericProvider.check_username() got an unexpected keyword argument 'network'
2026-07-15 05:50:14,994 - osint_nexus.orchestrator - ERROR - Scan failure in Twitch: GenericProvider.check_username() got an unexpected keyword argument 'network'
Traceback (most recent call last):
  File "/data/data/com.termux/files/home/osint-nexus/osint_nexus/core/orchestrator.py", line 104, in _execute_provider
    raw_found, content = await provider.check_username(
                               ~~~~~~~~~~~~~~~~~~~~~~~^
        username,
        ^^^^^^^^^
    ...<2 lines>...
        **microlink_options
        ^^^^^^^^^^^^^^^^^^^
    )
    ^
TypeError: GenericProvider.check_username() got an unexpected keyword argument 'network'
2026-07-15 05:50:14,995 - osint_nexus.orchestrator - ERROR - Scan failure in Medium: GenericProvider.check_username() got an unexpected keyword argument 'network'
Traceback (most recent call last):
  File "/data/data/com.termux/files/home/osint-nexus/osint_nexus/core/orchestrator.py", line 104, in _execute_provider
    raw_found, content = await provider.check_username(
                               ~~~~~~~~~~~~~~~~~~~~~~~^
        username,
        ^^^^^^^^^
    ...<2 lines>...
        **microlink_options
        ^^^^^^^^^^^^^^^^^^^
    )
    ^
TypeError: GenericProvider.check_username() got an unexpected keyword argument 'network'
2026-07-15 05:50:14,996 - osint_nexus.orchestrator - ERROR - Scan failure in GitLab: GenericProvider.check_username() got an unexpected keyword argument 'network'
Traceback (most recent call last):
  File "/data/data/com.termux/files/home/osint-nexus/osint_nexus/core/orchestrator.py", line 104, in _execute_provider
    raw_found, content = await provider.check_username(
                               ~~~~~~~~~~~~~~~~~~~~~~~^
        username,
        ^^^^^^^^^
    ...<2 lines>...
        **microlink_options
        ^^^^^^^^^^^^^^^^^^^
    )
    ^
TypeError: GenericProvider.check_username() got an unexpected keyword argument 'network'
2026-07-15 05:50:14,996 - osint_nexus.orchestrator - ERROR - Scan failure in StackOverflow: GenericProvider.check_username() got an unexpected keyword argument 'network'
Traceback (most recent call last):
  File "/data/data/com.termux/files/home/osint-nexus/osint_nexus/core/orchestrator.py", line 104, in _execute_provider
    raw_found, content = await provider.check_username(
                               ~~~~~~~~~~~~~~~~~~~~~~~^
        username,
        ^^^^^^^^^
    ...<2 lines>...
        **microlink_options
        ^^^^^^^^^^^^^^^^^^^
    )
    ^
TypeError: GenericProvider.check_username() got an unexpected keyword argument 'network'
2026-07-15 05:50:14,997 - osint_nexus.orchestrator - ERROR - Scan failure in Rubika: GenericProvider.check_username() got an unexpected keyword argument 'network'
Traceback (most recent call last):
  File "/data/data/com.termux/files/home/osint-nexus/osint_nexus/core/orchestrator.py", line 104, in _execute_provider
    raw_found, content = await provider.check_username(
                               ~~~~~~~~~~~~~~~~~~~~~~~^
        username,
        ^^^^^^^^^
    ...<2 lines>...
        **microlink_options
        ^^^^^^^^^^^^^^^^^^^
    )
    ^
TypeError: GenericProvider.check_username() got an unexpected keyword argument 'network'
2026-07-15 05:50:14,998 - osint_nexus.orchestrator - ERROR - Scan failure in Bale: GenericProvider.check_username() got an unexpected keyword argument 'network'
Traceback (most recent call last):
  File "/data/data/com.termux/files/home/osint-nexus/osint_nexus/core/orchestrator.py", line 104, in _execute_provider
    raw_found, content = await provider.check_username(
                               ~~~~~~~~~~~~~~~~~~~~~~~^
        username,
        ^^^^^^^^^
    ...<2 lines>...
        **microlink_options
        ^^^^^^^^^^^^^^^^^^^
    )
    ^
TypeError: GenericProvider.check_username() got an unexpected keyword argument 'network'
2026-07-15 05:50:14,999 - osint_nexus.orchestrator - ERROR - Scan failure in Eitaa: GenericProvider.check_username() got an unexpected keyword argument 'network'
Traceback (most recent call last):
  File "/data/data/com.termux/files/home/osint-nexus/osint_nexus/core/orchestrator.py", line 104, in _execute_provider
    raw_found, content = await provider.check_username(
                               ~~~~~~~~~~~~~~~~~~~~~~~^
        username,
        ^^^^^^^^^
    ...<2 lines>...
        **microlink_options
        ^^^^^^^^^^^^^^^^^^^
    )
    ^
TypeError: GenericProvider.check_username() got an unexpected keyword argument 'network'
2026-07-15 05:50:15,000 - osint_nexus.orchestrator - ERROR - Scan failure in Soroush+: GenericProvider.check_username() got an unexpected keyword argument 'network'
Traceback (most recent call last):
  File "/data/data/com.termux/files/home/osint-nexus/osint_nexus/core/orchestrator.py", line 104, in _execute_provider
    raw_found, content = await provider.check_username(
                               ~~~~~~~~~~~~~~~~~~~~~~~^
        username,
        ^^^^^^^^^
    ...<2 lines>...
        **microlink_options
        ^^^^^^^^^^^^^^^^^^^
    )
    ^
TypeError: GenericProvider.check_username() got an unexpected keyword argument 'network'
2026-07-15 05:50:15,001 - osint_nexus.orchestrator - ERROR - Scan failure in Shad: GenericProvider.check_username() got an unexpected keyword argument 'network'
Traceback (most recent call last):
  File "/data/data/com.termux/files/home/osint-nexus/osint_nexus/core/orchestrator.py", line 104, in _execute_provider
    raw_found, content = await provider.check_username(
                               ~~~~~~~~~~~~~~~~~~~~~~~^
        username,
        ^^^^^^^^^
    ...<2 lines>...
        **microlink_options
        ^^^^^^^^^^^^^^^^^^^
    )
    ^
TypeError: GenericProvider.check_username() got an unexpected keyword argument 'network'
2026-07-15 05:50:15,001 - osint_nexus.orchestrator - ERROR - Scan failure in Gap: GenericProvider.check_username() got an unexpected keyword argument 'network'
Traceback (most recent call last):
  File "/data/data/com.termux/files/home/osint-nexus/osint_nexus/core/orchestrator.py", line 104, in _execute_provider
    raw_found, content = await provider.check_username(
                               ~~~~~~~~~~~~~~~~~~~~~~~^
        username,
        ^^^^^^^^^
    ...<2 lines>...
        **microlink_options
        ^^^^^^^^^^^^^^^^^^^
    )
    ^
TypeError: GenericProvider.check_username() got an unexpected keyword argument 'network'
2026-07-15 05:50:15,002 - osint_nexus.orchestrator - ERROR - Scan failure in IGap: GenericProvider.check_username() got an unexpected keyword argument 'network'
Traceback (most recent call last):
  File "/data/data/com.termux/files/home/osint-nexus/osint_nexus/core/orchestrator.py", line 104, in _execute_provider
    raw_found, content = await provider.check_username(
                               ~~~~~~~~~~~~~~~~~~~~~~~^
        username,
        ^^^^^^^^^
    ...<2 lines>...
        **microlink_options
        ^^^^^^^^^^^^^^^^^^^
    )
    ^
TypeError: GenericProvider.check_username() got an unexpected keyword argument 'network'
2026-07-15 05:50:15,003 - osint_nexus.orchestrator - ERROR - Scan failure in Aparat: GenericProvider.check_username() got an unexpected keyword argument 'network'
Traceback (most recent call last):
  File "/data/data/com.termux/files/home/osint-nexus/osint_nexus/core/orchestrator.py", line 104, in _execute_provider
    raw_found, content = await provider.check_username(
                               ~~~~~~~~~~~~~~~~~~~~~~~^
        username,
        ^^^^^^^^^
    ...<2 lines>...
        **microlink_options
        ^^^^^^^^^^^^^^^^^^^
    )
    ^
TypeError: GenericProvider.check_username() got an unexpected keyword argument 'network'
2026-07-15 05:50:15,004 - osint_nexus.orchestrator - ERROR - Scan failure in Virasty: GenericProvider.check_username() got an unexpected keyword argument 'network'
Traceback (most recent call last):
  File "/data/data/com.termux/files/home/osint-nexus/osint_nexus/core/orchestrator.py", line 104, in _execute_provider
    raw_found, content = await provider.check_username(
                               ~~~~~~~~~~~~~~~~~~~~~~~^
        username,
        ^^^^^^^^^
    ...<2 lines>...
        **microlink_options
        ^^^^^^^^^^^^^^^^^^^
    )
    ^
TypeError: GenericProvider.check_username() got an unexpected keyword argument 'network'
2026-07-15 05:50:15,005 - osint_nexus.orchestrator - ERROR - Scan failure in Nashenas: GenericProvider.check_username() got an unexpected keyword argument 'network'
Traceback (most recent call last):
  File "/data/data/com.termux/files/home/osint-nexus/osint_nexus/core/orchestrator.py", line 104, in _execute_provider
    raw_found, content = await provider.check_username(
                               ~~~~~~~~~~~~~~~~~~~~~~~^
        username,
        ^^^^^^^^^
    ...<2 lines>...
        **microlink_options
        ^^^^^^^^^^^^^^^^^^^
    )
    ^
TypeError: GenericProvider.check_username() got an unexpected keyword argument 'network'
2026-07-15 05:50:15,007 - osint_nexus.cli - ERROR - Failed to generate final report: 1 validation error for ScanReport
confidence_score
  Input should be a valid number [type=float_type, input_value=ConfidenceResult(score=0....gory='None', details={}), input_type=ConfidenceResult]
    For further information visit https://errors.pydantic.dev/2.13/v/float_type
2026-07-15 05:51:12,788 - osint_nexus.validator - INFO - Validator initialised for 'testuser' with 3 rules
2026-07-15 05:51:12,789 - osint_nexus.hierarchy - INFO - Subsystem 'evasion' registered.
2026-07-15 05:51:12,789 - osint_nexus.hierarchy - INFO - Subsystem 'network' registered.
2026-07-15 05:51:12,789 - osint_nexus.hierarchy - INFO - Subsystem 'fingerprint' registered.
2026-07-15 05:51:12,801 - osint_nexus - INFO - Agent starting scan for: testuser
2026-07-15 05:51:12,803 - osint_nexus.orchestrator - ERROR - Scan failure in Telegram: GenericProvider.check_username() got an unexpected keyword argument 'network'
Traceback (most recent call last):
  File "/data/data/com.termux/files/home/osint-nexus/osint_nexus/core/orchestrator.py", line 104, in _execute_provider
    raw_found, content = await provider.check_username(
                               ~~~~~~~~~~~~~~~~~~~~~~~^
        username,
        ^^^^^^^^^
    ...<2 lines>...
        **microlink_options
        ^^^^^^^^^^^^^^^^^^^
    )
    ^
TypeError: GenericProvider.check_username() got an unexpected keyword argument 'network'
2026-07-15 05:51:12,805 - osint_nexus.orchestrator - ERROR - Scan failure in Instagram: GenericProvider.check_username() got an unexpected keyword argument 'network'
Traceback (most recent call last):
  File "/data/data/com.termux/files/home/osint-nexus/osint_nexus/core/orchestrator.py", line 104, in _execute_provider
    raw_found, content = await provider.check_username(
                               ~~~~~~~~~~~~~~~~~~~~~~~^
        username,
        ^^^^^^^^^
    ...<2 lines>...
        **microlink_options
        ^^^^^^^^^^^^^^^^^^^
    )
    ^
TypeError: GenericProvider.check_username() got an unexpected keyword argument 'network'
2026-07-15 05:51:12,806 - osint_nexus.orchestrator - ERROR - Scan failure in X: GenericProvider.check_username() got an unexpected keyword argument 'network'
Traceback (most recent call last):
  File "/data/data/com.termux/files/home/osint-nexus/osint_nexus/core/orchestrator.py", line 104, in _execute_provider
    raw_found, content = await provider.check_username(
                               ~~~~~~~~~~~~~~~~~~~~~~~^
        username,
        ^^^^^^^^^
    ...<2 lines>...
        **microlink_options
        ^^^^^^^^^^^^^^^^^^^
    )
    ^
TypeError: GenericProvider.check_username() got an unexpected keyword argument 'network'
2026-07-15 05:51:12,807 - osint_nexus.orchestrator - ERROR - Scan failure in Facebook: GenericProvider.check_username() got an unexpected keyword argument 'network'
Traceback (most recent call last):
  File "/data/data/com.termux/files/home/osint-nexus/osint_nexus/core/orchestrator.py", line 104, in _execute_provider
    raw_found, content = await provider.check_username(
                               ~~~~~~~~~~~~~~~~~~~~~~~^
        username,
        ^^^^^^^^^
    ...<2 lines>...
        **microlink_options
        ^^^^^^^^^^^^^^^^^^^
    )
    ^
TypeError: GenericProvider.check_username() got an unexpected keyword argument 'network'
2026-07-15 05:51:12,808 - osint_nexus.orchestrator - ERROR - Scan failure in Bluesky: GenericProvider.check_username() got an unexpected keyword argument 'network'
Traceback (most recent call last):
  File "/data/data/com.termux/files/home/osint-nexus/osint_nexus/core/orchestrator.py", line 104, in _execute_provider
    raw_found, content = await provider.check_username(
                               ~~~~~~~~~~~~~~~~~~~~~~~^
        username,
        ^^^^^^^^^
    ...<2 lines>...
        **microlink_options
        ^^^^^^^^^^^^^^^^^^^
    )
    ^
TypeError: GenericProvider.check_username() got an unexpected keyword argument 'network'
2026-07-15 05:51:12,808 - osint_nexus.orchestrator - ERROR - Scan failure in Threads: GenericProvider.check_username() got an unexpected keyword argument 'network'
Traceback (most recent call last):
  File "/data/data/com.termux/files/home/osint-nexus/osint_nexus/core/orchestrator.py", line 104, in _execute_provider
    raw_found, content = await provider.check_username(
                               ~~~~~~~~~~~~~~~~~~~~~~~^
        username,
        ^^^^^^^^^
    ...<2 lines>...
        **microlink_options
        ^^^^^^^^^^^^^^^^^^^
    )
    ^
TypeError: GenericProvider.check_username() got an unexpected keyword argument 'network'
2026-07-15 05:51:12,809 - osint_nexus.orchestrator - ERROR - Scan failure in GitHub: GenericProvider.check_username() got an unexpected keyword argument 'network'
Traceback (most recent call last):
  File "/data/data/com.termux/files/home/osint-nexus/osint_nexus/core/orchestrator.py", line 104, in _execute_provider
    raw_found, content = await provider.check_username(
                               ~~~~~~~~~~~~~~~~~~~~~~~^
        username,
        ^^^^^^^^^
    ...<2 lines>...
        **microlink_options
        ^^^^^^^^^^^^^^^^^^^
    )
    ^
TypeError: GenericProvider.check_username() got an unexpected keyword argument 'network'
2026-07-15 05:51:12,810 - osint_nexus.orchestrator - ERROR - Scan failure in Discord: GenericProvider.check_username() got an unexpected keyword argument 'network'
Traceback (most recent call last):
  File "/data/data/com.termux/files/home/osint-nexus/osint_nexus/core/orchestrator.py", line 104, in _execute_provider
    raw_found, content = await provider.check_username(
                               ~~~~~~~~~~~~~~~~~~~~~~~^
        username,
        ^^^^^^^^^
    ...<2 lines>...
        **microlink_options
        ^^^^^^^^^^^^^^^^^^^
    )
    ^
TypeError: GenericProvider.check_username() got an unexpected keyword argument 'network'
2026-07-15 05:51:12,811 - osint_nexus.orchestrator - ERROR - Scan failure in LinkedIn: GenericProvider.check_username() got an unexpected keyword argument 'network'
Traceback (most recent call last):
  File "/data/data/com.termux/files/home/osint-nexus/osint_nexus/core/orchestrator.py", line 104, in _execute_provider
    raw_found, content = await provider.check_username(
                               ~~~~~~~~~~~~~~~~~~~~~~~^
        username,
        ^^^^^^^^^
    ...<2 lines>...
        **microlink_options
        ^^^^^^^^^^^^^^^^^^^
    )
    ^
TypeError: GenericProvider.check_username() got an unexpected keyword argument 'network'
2026-07-15 05:51:12,811 - osint_nexus.orchestrator - ERROR - Scan failure in TikTok: GenericProvider.check_username() got an unexpected keyword argument 'network'
Traceback (most recent call last):
  File "/data/data/com.termux/files/home/osint-nexus/osint_nexus/core/orchestrator.py", line 104, in _execute_provider
    raw_found, content = await provider.check_username(
                               ~~~~~~~~~~~~~~~~~~~~~~~^
        username,
        ^^^^^^^^^
    ...<2 lines>...
        **microlink_options
        ^^^^^^^^^^^^^^^^^^^
    )
    ^
TypeError: GenericProvider.check_username() got an unexpected keyword argument 'network'
2026-07-15 05:51:12,812 - osint_nexus.orchestrator - ERROR - Scan failure in Snapchat: GenericProvider.check_username() got an unexpected keyword argument 'network'
Traceback (most recent call last):
  File "/data/data/com.termux/files/home/osint-nexus/osint_nexus/core/orchestrator.py", line 104, in _execute_provider
    raw_found, content = await provider.check_username(
                               ~~~~~~~~~~~~~~~~~~~~~~~^
        username,
        ^^^^^^^^^
    ...<2 lines>...
        **microlink_options
        ^^^^^^^^^^^^^^^^^^^
    )
    ^
TypeError: GenericProvider.check_username() got an unexpected keyword argument 'network'
2026-07-15 05:51:12,813 - osint_nexus.orchestrator - ERROR - Scan failure in Reddit: GenericProvider.check_username() got an unexpected keyword argument 'network'
Traceback (most recent call last):
  File "/data/data/com.termux/files/home/osint-nexus/osint_nexus/core/orchestrator.py", line 104, in _execute_provider
    raw_found, content = await provider.check_username(
                               ~~~~~~~~~~~~~~~~~~~~~~~^
        username,
        ^^^^^^^^^
    ...<2 lines>...
        **microlink_options
        ^^^^^^^^^^^^^^^^^^^
    )
    ^
TypeError: GenericProvider.check_username() got an unexpected keyword argument 'network'
2026-07-15 05:51:12,813 - osint_nexus.orchestrator - ERROR - Scan failure in Pinterest: GenericProvider.check_username() got an unexpected keyword argument 'network'
Traceback (most recent call last):
  File "/data/data/com.termux/files/home/osint-nexus/osint_nexus/core/orchestrator.py", line 104, in _execute_provider
    raw_found, content = await provider.check_username(
                               ~~~~~~~~~~~~~~~~~~~~~~~^
        username,
        ^^^^^^^^^
    ...<2 lines>...
        **microlink_options
        ^^^^^^^^^^^^^^^^^^^
    )
    ^
TypeError: GenericProvider.check_username() got an unexpected keyword argument 'network'
2026-07-15 05:51:12,814 - osint_nexus.orchestrator - ERROR - Scan failure in Twitch: GenericProvider.check_username() got an unexpected keyword argument 'network'
Traceback (most recent call last):
  File "/data/data/com.termux/files/home/osint-nexus/osint_nexus/core/orchestrator.py", line 104, in _execute_provider
    raw_found, content = await provider.check_username(
                               ~~~~~~~~~~~~~~~~~~~~~~~^
        username,
        ^^^^^^^^^
    ...<2 lines>...
        **microlink_options
        ^^^^^^^^^^^^^^^^^^^
    )
    ^
TypeError: GenericProvider.check_username() got an unexpected keyword argument 'network'
2026-07-15 05:51:12,815 - osint_nexus.orchestrator - ERROR - Scan failure in Medium: GenericProvider.check_username() got an unexpected keyword argument 'network'
Traceback (most recent call last):
  File "/data/data/com.termux/files/home/osint-nexus/osint_nexus/core/orchestrator.py", line 104, in _execute_provider
    raw_found, content = await provider.check_username(
                               ~~~~~~~~~~~~~~~~~~~~~~~^
        username,
        ^^^^^^^^^
    ...<2 lines>...
        **microlink_options
        ^^^^^^^^^^^^^^^^^^^
    )
    ^
TypeError: GenericProvider.check_username() got an unexpected keyword argument 'network'
2026-07-15 05:51:12,816 - osint_nexus.orchestrator - ERROR - Scan failure in GitLab: GenericProvider.check_username() got an unexpected keyword argument 'network'
Traceback (most recent call last):
  File "/data/data/com.termux/files/home/osint-nexus/osint_nexus/core/orchestrator.py", line 104, in _execute_provider
    raw_found, content = await provider.check_username(
                               ~~~~~~~~~~~~~~~~~~~~~~~^
        username,
        ^^^^^^^^^
    ...<2 lines>...
        **microlink_options
        ^^^^^^^^^^^^^^^^^^^
    )
    ^
TypeError: GenericProvider.check_username() got an unexpected keyword argument 'network'
2026-07-15 05:51:12,816 - osint_nexus.orchestrator - ERROR - Scan failure in StackOverflow: GenericProvider.check_username() got an unexpected keyword argument 'network'
Traceback (most recent call last):
  File "/data/data/com.termux/files/home/osint-nexus/osint_nexus/core/orchestrator.py", line 104, in _execute_provider
    raw_found, content = await provider.check_username(
                               ~~~~~~~~~~~~~~~~~~~~~~~^
        username,
        ^^^^^^^^^
    ...<2 lines>...
        **microlink_options
        ^^^^^^^^^^^^^^^^^^^
    )
    ^
TypeError: GenericProvider.check_username() got an unexpected keyword argument 'network'
2026-07-15 05:51:12,817 - osint_nexus.orchestrator - ERROR - Scan failure in Rubika: GenericProvider.check_username() got an unexpected keyword argument 'network'
Traceback (most recent call last):
  File "/data/data/com.termux/files/home/osint-nexus/osint_nexus/core/orchestrator.py", line 104, in _execute_provider
    raw_found, content = await provider.check_username(
                               ~~~~~~~~~~~~~~~~~~~~~~~^
        username,
        ^^^^^^^^^
    ...<2 lines>...
        **microlink_options
        ^^^^^^^^^^^^^^^^^^^
    )
    ^
TypeError: GenericProvider.check_username() got an unexpected keyword argument 'network'
2026-07-15 05:51:12,818 - osint_nexus.orchestrator - ERROR - Scan failure in Bale: GenericProvider.check_username() got an unexpected keyword argument 'network'
Traceback (most recent call last):
  File "/data/data/com.termux/files/home/osint-nexus/osint_nexus/core/orchestrator.py", line 104, in _execute_provider
    raw_found, content = await provider.check_username(
                               ~~~~~~~~~~~~~~~~~~~~~~~^
        username,
        ^^^^^^^^^
    ...<2 lines>...
        **microlink_options
        ^^^^^^^^^^^^^^^^^^^
    )
    ^
TypeError: GenericProvider.check_username() got an unexpected keyword argument 'network'
2026-07-15 05:51:12,818 - osint_nexus.orchestrator - ERROR - Scan failure in Eitaa: GenericProvider.check_username() got an unexpected keyword argument 'network'
Traceback (most recent call last):
  File "/data/data/com.termux/files/home/osint-nexus/osint_nexus/core/orchestrator.py", line 104, in _execute_provider
    raw_found, content = await provider.check_username(
                               ~~~~~~~~~~~~~~~~~~~~~~~^
        username,
        ^^^^^^^^^
    ...<2 lines>...
        **microlink_options
        ^^^^^^^^^^^^^^^^^^^
    )
    ^
TypeError: GenericProvider.check_username() got an unexpected keyword argument 'network'
2026-07-15 05:51:12,819 - osint_nexus.orchestrator - ERROR - Scan failure in Soroush+: GenericProvider.check_username() got an unexpected keyword argument 'network'
Traceback (most recent call last):
  File "/data/data/com.termux/files/home/osint-nexus/osint_nexus/core/orchestrator.py", line 104, in _execute_provider
    raw_found, content = await provider.check_username(
                               ~~~~~~~~~~~~~~~~~~~~~~~^
        username,
        ^^^^^^^^^
    ...<2 lines>...
        **microlink_options
        ^^^^^^^^^^^^^^^^^^^
    )
    ^
TypeError: GenericProvider.check_username() got an unexpected keyword argument 'network'
2026-07-15 05:51:12,820 - osint_nexus.orchestrator - ERROR - Scan failure in Shad: GenericProvider.check_username() got an unexpected keyword argument 'network'
Traceback (most recent call last):
  File "/data/data/com.termux/files/home/osint-nexus/osint_nexus/core/orchestrator.py", line 104, in _execute_provider
    raw_found, content = await provider.check_username(
                               ~~~~~~~~~~~~~~~~~~~~~~~^
        username,
        ^^^^^^^^^
    ...<2 lines>...
        **microlink_options
        ^^^^^^^^^^^^^^^^^^^
    )
    ^
TypeError: GenericProvider.check_username() got an unexpected keyword argument 'network'
2026-07-15 05:51:12,821 - osint_nexus.orchestrator - ERROR - Scan failure in Gap: GenericProvider.check_username() got an unexpected keyword argument 'network'
Traceback (most recent call last):
  File "/data/data/com.termux/files/home/osint-nexus/osint_nexus/core/orchestrator.py", line 104, in _execute_provider
    raw_found, content = await provider.check_username(
                               ~~~~~~~~~~~~~~~~~~~~~~~^
        username,
        ^^^^^^^^^
    ...<2 lines>...
        **microlink_options
        ^^^^^^^^^^^^^^^^^^^
    )
    ^
TypeError: GenericProvider.check_username() got an unexpected keyword argument 'network'
2026-07-15 05:51:12,821 - osint_nexus.orchestrator - ERROR - Scan failure in IGap: GenericProvider.check_username() got an unexpected keyword argument 'network'
Traceback (most recent call last):
  File "/data/data/com.termux/files/home/osint-nexus/osint_nexus/core/orchestrator.py", line 104, in _execute_provider
    raw_found, content = await provider.check_username(
                               ~~~~~~~~~~~~~~~~~~~~~~~^
        username,
        ^^^^^^^^^
    ...<2 lines>...
        **microlink_options
        ^^^^^^^^^^^^^^^^^^^
    )
    ^
TypeError: GenericProvider.check_username() got an unexpected keyword argument 'network'
2026-07-15 05:51:12,822 - osint_nexus.orchestrator - ERROR - Scan failure in Aparat: GenericProvider.check_username() got an unexpected keyword argument 'network'
Traceback (most recent call last):
  File "/data/data/com.termux/files/home/osint-nexus/osint_nexus/core/orchestrator.py", line 104, in _execute_provider
    raw_found, content = await provider.check_username(
                               ~~~~~~~~~~~~~~~~~~~~~~~^
        username,
        ^^^^^^^^^
    ...<2 lines>...
        **microlink_options
        ^^^^^^^^^^^^^^^^^^^
    )
    ^
TypeError: GenericProvider.check_username() got an unexpected keyword argument 'network'
2026-07-15 05:51:12,823 - osint_nexus.orchestrator - ERROR - Scan failure in Virasty: GenericProvider.check_username() got an unexpected keyword argument 'network'
Traceback (most recent call last):
  File "/data/data/com.termux/files/home/osint-nexus/osint_nexus/core/orchestrator.py", line 104, in _execute_provider
    raw_found, content = await provider.check_username(
                               ~~~~~~~~~~~~~~~~~~~~~~~^
        username,
        ^^^^^^^^^
    ...<2 lines>...
        **microlink_options
        ^^^^^^^^^^^^^^^^^^^
    )
    ^
TypeError: GenericProvider.check_username() got an unexpected keyword argument 'network'
2026-07-15 05:51:12,823 - osint_nexus.orchestrator - ERROR - Scan failure in Nashenas: GenericProvider.check_username() got an unexpected keyword argument 'network'
Traceback (most recent call last):
  File "/data/data/com.termux/files/home/osint-nexus/osint_nexus/core/orchestrator.py", line 104, in _execute_provider
    raw_found, content = await provider.check_username(
                               ~~~~~~~~~~~~~~~~~~~~~~~^
        username,
        ^^^^^^^^^
    ...<2 lines>...
        **microlink_options
        ^^^^^^^^^^^^^^^^^^^
    )
    ^
TypeError: GenericProvider.check_username() got an unexpected keyword argument 'network'
2026-07-15 05:51:12,827 - osint_nexus.cli - ERROR - Failed to generate final report: 1 validation error for ScanReport
confidence_score
  Input should be a valid number [type=float_type, input_value=ConfidenceResult(score=0....gory='None', details={}), input_type=ConfidenceResult]
    For further information visit https://errors.pydantic.dev/2.13/v/float_type
2026-07-15 05:52:11,072 - osint_nexus.validator - INFO - Validator initialised for 'testuser' with 3 rules
2026-07-15 05:52:11,072 - osint_nexus.hierarchy - INFO - Subsystem 'evasion' registered.
2026-07-15 05:52:11,072 - osint_nexus.hierarchy - INFO - Subsystem 'network' registered.
2026-07-15 05:52:11,072 - osint_nexus.hierarchy - INFO - Subsystem 'fingerprint' registered.
2026-07-15 05:52:11,085 - osint_nexus - INFO - Agent starting scan for: testuser
2026-07-15 05:52:11,087 - osint_nexus.orchestrator - ERROR - Scan failure in Telegram: GenericProvider.check_username() got an unexpected keyword argument 'network'
Traceback (most recent call last):
  File "/data/data/com.termux/files/home/osint-nexus/osint_nexus/core/orchestrator.py", line 104, in _execute_provider
    raw_found, content = await provider.check_username(
                               ~~~~~~~~~~~~~~~~~~~~~~~^
        username,
        ^^^^^^^^^
    ...<2 lines>...
        **microlink_options
        ^^^^^^^^^^^^^^^^^^^
    )
    ^
TypeError: GenericProvider.check_username() got an unexpected keyword argument 'network'
2026-07-15 05:52:11,089 - osint_nexus.orchestrator - ERROR - Scan failure in Instagram: GenericProvider.check_username() got an unexpected keyword argument 'network'
Traceback (most recent call last):
  File "/data/data/com.termux/files/home/osint-nexus/osint_nexus/core/orchestrator.py", line 104, in _execute_provider
    raw_found, content = await provider.check_username(
                               ~~~~~~~~~~~~~~~~~~~~~~~^
        username,
        ^^^^^^^^^
    ...<2 lines>...
        **microlink_options
        ^^^^^^^^^^^^^^^^^^^
    )
    ^
TypeError: GenericProvider.check_username() got an unexpected keyword argument 'network'
2026-07-15 05:52:11,090 - osint_nexus.orchestrator - ERROR - Scan failure in X: GenericProvider.check_username() got an unexpected keyword argument 'network'
Traceback (most recent call last):
  File "/data/data/com.termux/files/home/osint-nexus/osint_nexus/core/orchestrator.py", line 104, in _execute_provider
    raw_found, content = await provider.check_username(
                               ~~~~~~~~~~~~~~~~~~~~~~~^
        username,
        ^^^^^^^^^
    ...<2 lines>...
        **microlink_options
        ^^^^^^^^^^^^^^^^^^^
    )
    ^
TypeError: GenericProvider.check_username() got an unexpected keyword argument 'network'
2026-07-15 05:52:11,091 - osint_nexus.orchestrator - ERROR - Scan failure in Facebook: GenericProvider.check_username() got an unexpected keyword argument 'network'
Traceback (most recent call last):
  File "/data/data/com.termux/files/home/osint-nexus/osint_nexus/core/orchestrator.py", line 104, in _execute_provider
    raw_found, content = await provider.check_username(
                               ~~~~~~~~~~~~~~~~~~~~~~~^
        username,
        ^^^^^^^^^
    ...<2 lines>...
        **microlink_options
        ^^^^^^^^^^^^^^^^^^^
    )
    ^
TypeError: GenericProvider.check_username() got an unexpected keyword argument 'network'
2026-07-15 05:52:11,091 - osint_nexus.orchestrator - ERROR - Scan failure in Bluesky: GenericProvider.check_username() got an unexpected keyword argument 'network'
Traceback (most recent call last):
  File "/data/data/com.termux/files/home/osint-nexus/osint_nexus/core/orchestrator.py", line 104, in _execute_provider
    raw_found, content = await provider.check_username(
                               ~~~~~~~~~~~~~~~~~~~~~~~^
        username,
        ^^^^^^^^^
    ...<2 lines>...
        **microlink_options
        ^^^^^^^^^^^^^^^^^^^
    )
    ^
TypeError: GenericProvider.check_username() got an unexpected keyword argument 'network'
2026-07-15 05:52:11,092 - osint_nexus.orchestrator - ERROR - Scan failure in Threads: GenericProvider.check_username() got an unexpected keyword argument 'network'
Traceback (most recent call last):
  File "/data/data/com.termux/files/home/osint-nexus/osint_nexus/core/orchestrator.py", line 104, in _execute_provider
    raw_found, content = await provider.check_username(
                               ~~~~~~~~~~~~~~~~~~~~~~~^
        username,
        ^^^^^^^^^
    ...<2 lines>...
        **microlink_options
        ^^^^^^^^^^^^^^^^^^^
    )
    ^
TypeError: GenericProvider.check_username() got an unexpected keyword argument 'network'
2026-07-15 05:52:11,093 - osint_nexus.orchestrator - ERROR - Scan failure in GitHub: GenericProvider.check_username() got an unexpected keyword argument 'network'
Traceback (most recent call last):
  File "/data/data/com.termux/files/home/osint-nexus/osint_nexus/core/orchestrator.py", line 104, in _execute_provider
    raw_found, content = await provider.check_username(
                               ~~~~~~~~~~~~~~~~~~~~~~~^
        username,
        ^^^^^^^^^
    ...<2 lines>...
        **microlink_options
        ^^^^^^^^^^^^^^^^^^^
    )
    ^
TypeError: GenericProvider.check_username() got an unexpected keyword argument 'network'
2026-07-15 05:52:11,094 - osint_nexus.orchestrator - ERROR - Scan failure in Discord: GenericProvider.check_username() got an unexpected keyword argument 'network'
Traceback (most recent call last):
  File "/data/data/com.termux/files/home/osint-nexus/osint_nexus/core/orchestrator.py", line 104, in _execute_provider
    raw_found, content = await provider.check_username(
                               ~~~~~~~~~~~~~~~~~~~~~~~^
        username,
        ^^^^^^^^^
    ...<2 lines>...
        **microlink_options
        ^^^^^^^^^^^^^^^^^^^
    )
    ^
TypeError: GenericProvider.check_username() got an unexpected keyword argument 'network'
2026-07-15 05:52:11,095 - osint_nexus.orchestrator - ERROR - Scan failure in LinkedIn: GenericProvider.check_username() got an unexpected keyword argument 'network'
Traceback (most recent call last):
  File "/data/data/com.termux/files/home/osint-nexus/osint_nexus/core/orchestrator.py", line 104, in _execute_provider
    raw_found, content = await provider.check_username(
                               ~~~~~~~~~~~~~~~~~~~~~~~^
        username,
        ^^^^^^^^^
    ...<2 lines>...
        **microlink_options
        ^^^^^^^^^^^^^^^^^^^
    )
    ^
TypeError: GenericProvider.check_username() got an unexpected keyword argument 'network'
2026-07-15 05:52:11,095 - osint_nexus.orchestrator - ERROR - Scan failure in TikTok: GenericProvider.check_username() got an unexpected keyword argument 'network'
Traceback (most recent call last):
  File "/data/data/com.termux/files/home/osint-nexus/osint_nexus/core/orchestrator.py", line 104, in _execute_provider
    raw_found, content = await provider.check_username(
                               ~~~~~~~~~~~~~~~~~~~~~~~^
        username,
        ^^^^^^^^^
    ...<2 lines>...
        **microlink_options
        ^^^^^^^^^^^^^^^^^^^
    )
    ^
TypeError: GenericProvider.check_username() got an unexpected keyword argument 'network'
2026-07-15 05:52:11,096 - osint_nexus.orchestrator - ERROR - Scan failure in Snapchat: GenericProvider.check_username() got an unexpected keyword argument 'network'
Traceback (most recent call last):
  File "/data/data/com.termux/files/home/osint-nexus/osint_nexus/core/orchestrator.py", line 104, in _execute_provider
    raw_found, content = await provider.check_username(
                               ~~~~~~~~~~~~~~~~~~~~~~~^
        username,
        ^^^^^^^^^
    ...<2 lines>...
        **microlink_options
        ^^^^^^^^^^^^^^^^^^^
    )
    ^
TypeError: GenericProvider.check_username() got an unexpected keyword argument 'network'
2026-07-15 05:52:11,097 - osint_nexus.orchestrator - ERROR - Scan failure in Reddit: GenericProvider.check_username() got an unexpected keyword argument 'network'
Traceback (most recent call last):
  File "/data/data/com.termux/files/home/osint-nexus/osint_nexus/core/orchestrator.py", line 104, in _execute_provider
    raw_found, content = await provider.check_username(
                               ~~~~~~~~~~~~~~~~~~~~~~~^
        username,
        ^^^^^^^^^
    ...<2 lines>...
        **microlink_options
        ^^^^^^^^^^^^^^^^^^^
    )
    ^
TypeError: GenericProvider.check_username() got an unexpected keyword argument 'network'
2026-07-15 05:52:11,098 - osint_nexus.orchestrator - ERROR - Scan failure in Pinterest: GenericProvider.check_username() got an unexpected keyword argument 'network'
Traceback (most recent call last):
  File "/data/data/com.termux/files/home/osint-nexus/osint_nexus/core/orchestrator.py", line 104, in _execute_provider
    raw_found, content = await provider.check_username(
                               ~~~~~~~~~~~~~~~~~~~~~~~^
        username,
        ^^^^^^^^^
    ...<2 lines>...
        **microlink_options
        ^^^^^^^^^^^^^^^^^^^
    )
    ^
TypeError: GenericProvider.check_username() got an unexpected keyword argument 'network'
2026-07-15 05:52:11,099 - osint_nexus.orchestrator - ERROR - Scan failure in Twitch: GenericProvider.check_username() got an unexpected keyword argument 'network'
Traceback (most recent call last):
  File "/data/data/com.termux/files/home/osint-nexus/osint_nexus/core/orchestrator.py", line 104, in _execute_provider
    raw_found, content = await provider.check_username(
                               ~~~~~~~~~~~~~~~~~~~~~~~^
        username,
        ^^^^^^^^^
    ...<2 lines>...
        **microlink_options
        ^^^^^^^^^^^^^^^^^^^
    )
    ^
TypeError: GenericProvider.check_username() got an unexpected keyword argument 'network'
2026-07-15 05:52:11,099 - osint_nexus.orchestrator - ERROR - Scan failure in Medium: GenericProvider.check_username() got an unexpected keyword argument 'network'
Traceback (most recent call last):
  File "/data/data/com.termux/files/home/osint-nexus/osint_nexus/core/orchestrator.py", line 104, in _execute_provider
    raw_found, content = await provider.check_username(
                               ~~~~~~~~~~~~~~~~~~~~~~~^
        username,
        ^^^^^^^^^
    ...<2 lines>...
        **microlink_options
        ^^^^^^^^^^^^^^^^^^^
    )
    ^
TypeError: GenericProvider.check_username() got an unexpected keyword argument 'network'
2026-07-15 05:52:11,100 - osint_nexus.orchestrator - ERROR - Scan failure in GitLab: GenericProvider.check_username() got an unexpected keyword argument 'network'
Traceback (most recent call last):
  File "/data/data/com.termux/files/home/osint-nexus/osint_nexus/core/orchestrator.py", line 104, in _execute_provider
    raw_found, content = await provider.check_username(
                               ~~~~~~~~~~~~~~~~~~~~~~~^
        username,
        ^^^^^^^^^
    ...<2 lines>...
        **microlink_options
        ^^^^^^^^^^^^^^^^^^^
    )
    ^
TypeError: GenericProvider.check_username() got an unexpected keyword argument 'network'
2026-07-15 05:52:11,101 - osint_nexus.orchestrator - ERROR - Scan failure in StackOverflow: GenericProvider.check_username() got an unexpected keyword argument 'network'
Traceback (most recent call last):
  File "/data/data/com.termux/files/home/osint-nexus/osint_nexus/core/orchestrator.py", line 104, in _execute_provider
    raw_found, content = await provider.check_username(
                               ~~~~~~~~~~~~~~~~~~~~~~~^
        username,
        ^^^^^^^^^
    ...<2 lines>...
        **microlink_options
        ^^^^^^^^^^^^^^^^^^^
    )
    ^
TypeError: GenericProvider.check_username() got an unexpected keyword argument 'network'
2026-07-15 05:52:11,102 - osint_nexus.orchestrator - ERROR - Scan failure in Rubika: GenericProvider.check_username() got an unexpected keyword argument 'network'
Traceback (most recent call last):
  File "/data/data/com.termux/files/home/osint-nexus/osint_nexus/core/orchestrator.py", line 104, in _execute_provider
    raw_found, content = await provider.check_username(
                               ~~~~~~~~~~~~~~~~~~~~~~~^
        username,
        ^^^^^^^^^
    ...<2 lines>...
        **microlink_options
        ^^^^^^^^^^^^^^^^^^^
    )
    ^
TypeError: GenericProvider.check_username() got an unexpected keyword argument 'network'
2026-07-15 05:52:11,102 - osint_nexus.orchestrator - ERROR - Scan failure in Bale: GenericProvider.check_username() got an unexpected keyword argument 'network'
Traceback (most recent call last):
  File "/data/data/com.termux/files/home/osint-nexus/osint_nexus/core/orchestrator.py", line 104, in _execute_provider
    raw_found, content = await provider.check_username(
                               ~~~~~~~~~~~~~~~~~~~~~~~^
        username,
        ^^^^^^^^^
    ...<2 lines>...
        **microlink_options
        ^^^^^^^^^^^^^^^^^^^
    )
    ^
TypeError: GenericProvider.check_username() got an unexpected keyword argument 'network'
2026-07-15 05:52:11,103 - osint_nexus.orchestrator - ERROR - Scan failure in Eitaa: GenericProvider.check_username() got an unexpected keyword argument 'network'
Traceback (most recent call last):
  File "/data/data/com.termux/files/home/osint-nexus/osint_nexus/core/orchestrator.py", line 104, in _execute_provider
    raw_found, content = await provider.check_username(
                               ~~~~~~~~~~~~~~~~~~~~~~~^
        username,
        ^^^^^^^^^
    ...<2 lines>...
        **microlink_options
        ^^^^^^^^^^^^^^^^^^^
    )
    ^
TypeError: GenericProvider.check_username() got an unexpected keyword argument 'network'
2026-07-15 05:52:11,104 - osint_nexus.orchestrator - ERROR - Scan failure in Soroush+: GenericProvider.check_username() got an unexpected keyword argument 'network'
Traceback (most recent call last):
  File "/data/data/com.termux/files/home/osint-nexus/osint_nexus/core/orchestrator.py", line 104, in _execute_provider
    raw_found, content = await provider.check_username(
                               ~~~~~~~~~~~~~~~~~~~~~~~^
        username,
        ^^^^^^^^^
    ...<2 lines>...
        **microlink_options
        ^^^^^^^^^^^^^^^^^^^
    )
    ^
TypeError: GenericProvider.check_username() got an unexpected keyword argument 'network'
2026-07-15 05:52:11,105 - osint_nexus.orchestrator - ERROR - Scan failure in Shad: GenericProvider.check_username() got an unexpected keyword argument 'network'
Traceback (most recent call last):
  File "/data/data/com.termux/files/home/osint-nexus/osint_nexus/core/orchestrator.py", line 104, in _execute_provider
    raw_found, content = await provider.check_username(
                               ~~~~~~~~~~~~~~~~~~~~~~~^
        username,
        ^^^^^^^^^
    ...<2 lines>...
        **microlink_options
        ^^^^^^^^^^^^^^^^^^^
    )
    ^
TypeError: GenericProvider.check_username() got an unexpected keyword argument 'network'
2026-07-15 05:52:11,106 - osint_nexus.orchestrator - ERROR - Scan failure in Gap: GenericProvider.check_username() got an unexpected keyword argument 'network'
Traceback (most recent call last):
  File "/data/data/com.termux/files/home/osint-nexus/osint_nexus/core/orchestrator.py", line 104, in _execute_provider
    raw_found, content = await provider.check_username(
                               ~~~~~~~~~~~~~~~~~~~~~~~^
        username,
        ^^^^^^^^^
    ...<2 lines>...
        **microlink_options
        ^^^^^^^^^^^^^^^^^^^
    )
    ^
TypeError: GenericProvider.check_username() got an unexpected keyword argument 'network'
2026-07-15 05:52:11,106 - osint_nexus.orchestrator - ERROR - Scan failure in IGap: GenericProvider.check_username() got an unexpected keyword argument 'network'
Traceback (most recent call last):
  File "/data/data/com.termux/files/home/osint-nexus/osint_nexus/core/orchestrator.py", line 104, in _execute_provider
    raw_found, content = await provider.check_username(
                               ~~~~~~~~~~~~~~~~~~~~~~~^
        username,
        ^^^^^^^^^
    ...<2 lines>...
        **microlink_options
        ^^^^^^^^^^^^^^^^^^^
    )
    ^
TypeError: GenericProvider.check_username() got an unexpected keyword argument 'network'
2026-07-15 05:52:11,107 - osint_nexus.orchestrator - ERROR - Scan failure in Aparat: GenericProvider.check_username() got an unexpected keyword argument 'network'
Traceback (most recent call last):
  File "/data/data/com.termux/files/home/osint-nexus/osint_nexus/core/orchestrator.py", line 104, in _execute_provider
    raw_found, content = await provider.check_username(
                               ~~~~~~~~~~~~~~~~~~~~~~~^
        username,
        ^^^^^^^^^
    ...<2 lines>...
        **microlink_options
        ^^^^^^^^^^^^^^^^^^^
    )
    ^
TypeError: GenericProvider.check_username() got an unexpected keyword argument 'network'
2026-07-15 05:52:11,108 - osint_nexus.orchestrator - ERROR - Scan failure in Virasty: GenericProvider.check_username() got an unexpected keyword argument 'network'
Traceback (most recent call last):
  File "/data/data/com.termux/files/home/osint-nexus/osint_nexus/core/orchestrator.py", line 104, in _execute_provider
    raw_found, content = await provider.check_username(
                               ~~~~~~~~~~~~~~~~~~~~~~~^
        username,
        ^^^^^^^^^
    ...<2 lines>...
        **microlink_options
        ^^^^^^^^^^^^^^^^^^^
    )
    ^
TypeError: GenericProvider.check_username() got an unexpected keyword argument 'network'
2026-07-15 05:52:11,108 - osint_nexus.orchestrator - ERROR - Scan failure in Nashenas: GenericProvider.check_username() got an unexpected keyword argument 'network'
Traceback (most recent call last):
  File "/data/data/com.termux/files/home/osint-nexus/osint_nexus/core/orchestrator.py", line 104, in _execute_provider
    raw_found, content = await provider.check_username(
                               ~~~~~~~~~~~~~~~~~~~~~~~^
        username,
        ^^^^^^^^^
    ...<2 lines>...
        **microlink_options
        ^^^^^^^^^^^^^^^^^^^
    )
    ^
TypeError: GenericProvider.check_username() got an unexpected keyword argument 'network'
2026-07-15 06:04:13,495 - osint_nexus.validator - INFO - Validator initialised for 'testuser' with 3 rules
2026-07-15 06:04:13,496 - osint_nexus.hierarchy - INFO - Subsystem 'evasion' registered.
2026-07-15 06:04:13,496 - osint_nexus.hierarchy - INFO - Subsystem 'network' registered.
2026-07-15 06:04:13,497 - osint_nexus.hierarchy - INFO - Subsystem 'fingerprint' registered.
2026-07-15 06:04:13,498 - osint_nexus - INFO - Agent starting scan for: testuser
2026-07-15 06:04:13,502 - osint_nexus.device_inference - ERROR - Data parsing error during device inference: expected string or bytes-like object, got 'MagicMock'
2026-07-15 06:04:13,524 - osint_nexus.validator - INFO - Validator initialised for 'testuser' with 3 rules
2026-07-15 06:04:13,527 - osint_nexus.validator - INFO - Validator initialised for 'testuser' with 3 rules
2026-07-17 20:35:04,103 - osint_nexus.validator - INFO - Validator initialised for 'missminu' with 3 rules
2026-07-17 20:35:04,104 - osint_nexus.hierarchy - INFO - Subsystem 'evasion' registered.
2026-07-17 20:35:04,104 - osint_nexus.hierarchy - INFO - Subsystem 'network' registered.
2026-07-17 20:35:04,104 - osint_nexus.hierarchy - INFO - Subsystem 'fingerprint' registered.
2026-07-17 20:35:04,117 - osint_nexus - INFO - Agent starting scan for: missminu
2026-07-17 20:35:04,119 - osint_nexus.orchestrator - ERROR - Scan failure in Telegram: GenericProvider.check_username() got an unexpected keyword argument 'network'
Traceback (most recent call last):
  File "/data/data/com.termux/files/home/osint-nexus/osint_nexus/core/orchestrator.py", line 104, in _execute_provider
    raw_found, content = await provider.check_username(
                               ~~~~~~~~~~~~~~~~~~~~~~~^
        username,
        ^^^^^^^^^
    ...<2 lines>...
        **microlink_options
        ^^^^^^^^^^^^^^^^^^^
    )
    ^
TypeError: GenericProvider.check_username() got an unexpected keyword argument 'network'
2026-07-17 20:35:04,120 - osint_nexus.orchestrator - ERROR - Scan failure in Instagram: GenericProvider.check_username() got an unexpected keyword argument 'network'
Traceback (most recent call last):
  File "/data/data/com.termux/files/home/osint-nexus/osint_nexus/core/orchestrator.py", line 104, in _execute_provider
    raw_found, content = await provider.check_username(
                               ~~~~~~~~~~~~~~~~~~~~~~~^
        username,
        ^^^^^^^^^
    ...<2 lines>...
        **microlink_options
        ^^^^^^^^^^^^^^^^^^^
    )
    ^
TypeError: GenericProvider.check_username() got an unexpected keyword argument 'network'
2026-07-17 20:35:04,121 - osint_nexus.orchestrator - ERROR - Scan failure in X: GenericProvider.check_username() got an unexpected keyword argument 'network'
Traceback (most recent call last):
  File "/data/data/com.termux/files/home/osint-nexus/osint_nexus/core/orchestrator.py", line 104, in _execute_provider
    raw_found, content = await provider.check_username(
                               ~~~~~~~~~~~~~~~~~~~~~~~^
        username,
        ^^^^^^^^^
    ...<2 lines>...
        **microlink_options
        ^^^^^^^^^^^^^^^^^^^
    )
    ^
TypeError: GenericProvider.check_username() got an unexpected keyword argument 'network'
2026-07-17 20:35:04,122 - osint_nexus.orchestrator - ERROR - Scan failure in Facebook: GenericProvider.check_username() got an unexpected keyword argument 'network'
Traceback (most recent call last):
  File "/data/data/com.termux/files/home/osint-nexus/osint_nexus/core/orchestrator.py", line 104, in _execute_provider
    raw_found, content = await provider.check_username(
                               ~~~~~~~~~~~~~~~~~~~~~~~^
        username,
        ^^^^^^^^^
    ...<2 lines>...
        **microlink_options
        ^^^^^^^^^^^^^^^^^^^
    )
    ^
TypeError: GenericProvider.check_username() got an unexpected keyword argument 'network'
2026-07-17 20:35:04,123 - osint_nexus.orchestrator - ERROR - Scan failure in Bluesky: GenericProvider.check_username() got an unexpected keyword argument 'network'
Traceback (most recent call last):
  File "/data/data/com.termux/files/home/osint-nexus/osint_nexus/core/orchestrator.py", line 104, in _execute_provider
    raw_found, content = await provider.check_username(
                               ~~~~~~~~~~~~~~~~~~~~~~~^
        username,
        ^^^^^^^^^
    ...<2 lines>...
        **microlink_options
        ^^^^^^^^^^^^^^^^^^^
    )
    ^
TypeError: GenericProvider.check_username() got an unexpected keyword argument 'network'
2026-07-17 20:35:04,123 - osint_nexus.orchestrator - ERROR - Scan failure in Threads: GenericProvider.check_username() got an unexpected keyword argument 'network'
Traceback (most recent call last):
  File "/data/data/com.termux/files/home/osint-nexus/osint_nexus/core/orchestrator.py", line 104, in _execute_provider
    raw_found, content = await provider.check_username(
                               ~~~~~~~~~~~~~~~~~~~~~~~^
        username,
        ^^^^^^^^^
    ...<2 lines>...
        **microlink_options
        ^^^^^^^^^^^^^^^^^^^
    )
    ^
TypeError: GenericProvider.check_username() got an unexpected keyword argument 'network'
2026-07-17 20:35:04,124 - osint_nexus.orchestrator - ERROR - Scan failure in GitHub: GenericProvider.check_username() got an unexpected keyword argument 'network'
Traceback (most recent call last):
  File "/data/data/com.termux/files/home/osint-nexus/osint_nexus/core/orchestrator.py", line 104, in _execute_provider
    raw_found, content = await provider.check_username(
                               ~~~~~~~~~~~~~~~~~~~~~~~^
        username,
        ^^^^^^^^^
    ...<2 lines>...
        **microlink_options
        ^^^^^^^^^^^^^^^^^^^
    )
    ^
TypeError: GenericProvider.check_username() got an unexpected keyword argument 'network'
2026-07-17 20:35:04,125 - osint_nexus.orchestrator - ERROR - Scan failure in Discord: GenericProvider.check_username() got an unexpected keyword argument 'network'
Traceback (most recent call last):
  File "/data/data/com.termux/files/home/osint-nexus/osint_nexus/core/orchestrator.py", line 104, in _execute_provider
    raw_found, content = await provider.check_username(
                               ~~~~~~~~~~~~~~~~~~~~~~~^
        username,
        ^^^^^^^^^
    ...<2 lines>...
        **microlink_options
        ^^^^^^^^^^^^^^^^^^^
    )
    ^
TypeError: GenericProvider.check_username() got an unexpected keyword argument 'network'
2026-07-17 20:35:04,125 - osint_nexus.orchestrator - ERROR - Scan failure in LinkedIn: GenericProvider.check_username() got an unexpected keyword argument 'network'
Traceback (most recent call last):
  File "/data/data/com.termux/files/home/osint-nexus/osint_nexus/core/orchestrator.py", line 104, in _execute_provider
    raw_found, content = await provider.check_username(
                               ~~~~~~~~~~~~~~~~~~~~~~~^
        username,
        ^^^^^^^^^
    ...<2 lines>...
        **microlink_options
        ^^^^^^^^^^^^^^^^^^^
    )
    ^
TypeError: GenericProvider.check_username() got an unexpected keyword argument 'network'
2026-07-17 20:35:04,126 - osint_nexus.orchestrator - ERROR - Scan failure in TikTok: GenericProvider.check_username() got an unexpected keyword argument 'network'
Traceback (most recent call last):
  File "/data/data/com.termux/files/home/osint-nexus/osint_nexus/core/orchestrator.py", line 104, in _execute_provider
    raw_found, content = await provider.check_username(
                               ~~~~~~~~~~~~~~~~~~~~~~~^
        username,
        ^^^^^^^^^
    ...<2 lines>...
        **microlink_options
        ^^^^^^^^^^^^^^^^^^^
    )
    ^
TypeError: GenericProvider.check_username() got an unexpected keyword argument 'network'
2026-07-17 20:35:04,126 - osint_nexus.orchestrator - ERROR - Scan failure in Snapchat: GenericProvider.check_username() got an unexpected keyword argument 'network'
Traceback (most recent call last):
  File "/data/data/com.termux/files/home/osint-nexus/osint_nexus/core/orchestrator.py", line 104, in _execute_provider
    raw_found, content = await provider.check_username(
                               ~~~~~~~~~~~~~~~~~~~~~~~^
        username,
        ^^^^^^^^^
    ...<2 lines>...
        **microlink_options
        ^^^^^^^^^^^^^^^^^^^
    )
    ^
TypeError: GenericProvider.check_username() got an unexpected keyword argument 'network'
2026-07-17 20:35:04,127 - osint_nexus.orchestrator - ERROR - Scan failure in Reddit: GenericProvider.check_username() got an unexpected keyword argument 'network'
Traceback (most recent call last):
  File "/data/data/com.termux/files/home/osint-nexus/osint_nexus/core/orchestrator.py", line 104, in _execute_provider
    raw_found, content = await provider.check_username(
                               ~~~~~~~~~~~~~~~~~~~~~~~^
        username,
        ^^^^^^^^^
    ...<2 lines>...
        **microlink_options
        ^^^^^^^^^^^^^^^^^^^
    )
    ^
TypeError: GenericProvider.check_username() got an unexpected keyword argument 'network'
2026-07-17 20:35:04,128 - osint_nexus.orchestrator - ERROR - Scan failure in Pinterest: GenericProvider.check_username() got an unexpected keyword argument 'network'
Traceback (most recent call last):
  File "/data/data/com.termux/files/home/osint-nexus/osint_nexus/core/orchestrator.py", line 104, in _execute_provider
    raw_found, content = await provider.check_username(
                               ~~~~~~~~~~~~~~~~~~~~~~~^
        username,
        ^^^^^^^^^
    ...<2 lines>...
        **microlink_options
        ^^^^^^^^^^^^^^^^^^^
    )
    ^
TypeError: GenericProvider.check_username() got an unexpected keyword argument 'network'
2026-07-17 20:35:04,128 - osint_nexus.orchestrator - ERROR - Scan failure in Twitch: GenericProvider.check_username() got an unexpected keyword argument 'network'
Traceback (most recent call last):
  File "/data/data/com.termux/files/home/osint-nexus/osint_nexus/core/orchestrator.py", line 104, in _execute_provider
    raw_found, content = await provider.check_username(
                               ~~~~~~~~~~~~~~~~~~~~~~~^
        username,
        ^^^^^^^^^
    ...<2 lines>...
        **microlink_options
        ^^^^^^^^^^^^^^^^^^^
    )
    ^
TypeError: GenericProvider.check_username() got an unexpected keyword argument 'network'
2026-07-17 20:35:04,129 - osint_nexus.orchestrator - ERROR - Scan failure in Medium: GenericProvider.check_username() got an unexpected keyword argument 'network'
Traceback (most recent call last):
  File "/data/data/com.termux/files/home/osint-nexus/osint_nexus/core/orchestrator.py", line 104, in _execute_provider
    raw_found, content = await provider.check_username(
                               ~~~~~~~~~~~~~~~~~~~~~~~^
        username,
        ^^^^^^^^^
    ...<2 lines>...
        **microlink_options
        ^^^^^^^^^^^^^^^^^^^
    )
    ^
TypeError: GenericProvider.check_username() got an unexpected keyword argument 'network'
2026-07-17 20:35:04,130 - osint_nexus.orchestrator - ERROR - Scan failure in GitLab: GenericProvider.check_username() got an unexpected keyword argument 'network'
Traceback (most recent call last):
  File "/data/data/com.termux/files/home/osint-nexus/osint_nexus/core/orchestrator.py", line 104, in _execute_provider
    raw_found, content = await provider.check_username(
                               ~~~~~~~~~~~~~~~~~~~~~~~^
        username,
        ^^^^^^^^^
    ...<2 lines>...
        **microlink_options
        ^^^^^^^^^^^^^^^^^^^
    )
    ^
TypeError: GenericProvider.check_username() got an unexpected keyword argument 'network'
2026-07-17 20:35:04,130 - osint_nexus.orchestrator - ERROR - Scan failure in StackOverflow: GenericProvider.check_username() got an unexpected keyword argument 'network'
Traceback (most recent call last):
  File "/data/data/com.termux/files/home/osint-nexus/osint_nexus/core/orchestrator.py", line 104, in _execute_provider
    raw_found, content = await provider.check_username(
                               ~~~~~~~~~~~~~~~~~~~~~~~^
        username,
        ^^^^^^^^^
    ...<2 lines>...
        **microlink_options
        ^^^^^^^^^^^^^^^^^^^
    )
    ^
TypeError: GenericProvider.check_username() got an unexpected keyword argument 'network'
2026-07-17 20:35:04,131 - osint_nexus.orchestrator - ERROR - Scan failure in Rubika: GenericProvider.check_username() got an unexpected keyword argument 'network'
Traceback (most recent call last):
  File "/data/data/com.termux/files/home/osint-nexus/osint_nexus/core/orchestrator.py", line 104, in _execute_provider
    raw_found, content = await provider.check_username(
                               ~~~~~~~~~~~~~~~~~~~~~~~^
        username,
        ^^^^^^^^^
    ...<2 lines>...
        **microlink_options
        ^^^^^^^^^^^^^^^^^^^
    )
    ^
TypeError: GenericProvider.check_username() got an unexpected keyword argument 'network'
2026-07-17 20:35:04,131 - osint_nexus.orchestrator - ERROR - Scan failure in Bale: GenericProvider.check_username() got an unexpected keyword argument 'network'
Traceback (most recent call last):
  File "/data/data/com.termux/files/home/osint-nexus/osint_nexus/core/orchestrator.py", line 104, in _execute_provider
    raw_found, content = await provider.check_username(
                               ~~~~~~~~~~~~~~~~~~~~~~~^
        username,
        ^^^^^^^^^
    ...<2 lines>...
        **microlink_options
        ^^^^^^^^^^^^^^^^^^^
    )
    ^
TypeError: GenericProvider.check_username() got an unexpected keyword argument 'network'
2026-07-17 20:35:04,132 - osint_nexus.orchestrator - ERROR - Scan failure in Eitaa: GenericProvider.check_username() got an unexpected keyword argument 'network'
Traceback (most recent call last):
  File "/data/data/com.termux/files/home/osint-nexus/osint_nexus/core/orchestrator.py", line 104, in _execute_provider
    raw_found, content = await provider.check_username(
                               ~~~~~~~~~~~~~~~~~~~~~~~^
        username,
        ^^^^^^^^^
    ...<2 lines>...
        **microlink_options
        ^^^^^^^^^^^^^^^^^^^
    )
    ^
TypeError: GenericProvider.check_username() got an unexpected keyword argument 'network'
2026-07-17 20:35:04,133 - osint_nexus.orchestrator - ERROR - Scan failure in Soroush+: GenericProvider.check_username() got an unexpected keyword argument 'network'
Traceback (most recent call last):
  File "/data/data/com.termux/files/home/osint-nexus/osint_nexus/core/orchestrator.py", line 104, in _execute_provider
    raw_found, content = await provider.check_username(
                               ~~~~~~~~~~~~~~~~~~~~~~~^
        username,
        ^^^^^^^^^
    ...<2 lines>...
        **microlink_options
        ^^^^^^^^^^^^^^^^^^^
    )
    ^
TypeError: GenericProvider.check_username() got an unexpected keyword argument 'network'
2026-07-17 20:35:04,133 - osint_nexus.orchestrator - ERROR - Scan failure in Shad: GenericProvider.check_username() got an unexpected keyword argument 'network'
Traceback (most recent call last):
  File "/data/data/com.termux/files/home/osint-nexus/osint_nexus/core/orchestrator.py", line 104, in _execute_provider
    raw_found, content = await provider.check_username(
                               ~~~~~~~~~~~~~~~~~~~~~~~^
        username,
        ^^^^^^^^^
    ...<2 lines>...
        **microlink_options
        ^^^^^^^^^^^^^^^^^^^
    )
    ^
TypeError: GenericProvider.check_username() got an unexpected keyword argument 'network'
2026-07-17 20:35:04,134 - osint_nexus.orchestrator - ERROR - Scan failure in Gap: GenericProvider.check_username() got an unexpected keyword argument 'network'
Traceback (most recent call last):
  File "/data/data/com.termux/files/home/osint-nexus/osint_nexus/core/orchestrator.py", line 104, in _execute_provider
    raw_found, content = await provider.check_username(
                               ~~~~~~~~~~~~~~~~~~~~~~~^
        username,
        ^^^^^^^^^
    ...<2 lines>...
        **microlink_options
        ^^^^^^^^^^^^^^^^^^^
    )
    ^
TypeError: GenericProvider.check_username() got an unexpected keyword argument 'network'
2026-07-17 20:35:04,134 - osint_nexus.orchestrator - ERROR - Scan failure in IGap: GenericProvider.check_username() got an unexpected keyword argument 'network'
Traceback (most recent call last):
  File "/data/data/com.termux/files/home/osint-nexus/osint_nexus/core/orchestrator.py", line 104, in _execute_provider
    raw_found, content = await provider.check_username(
                               ~~~~~~~~~~~~~~~~~~~~~~~^
        username,
        ^^^^^^^^^
    ...<2 lines>...
        **microlink_options
        ^^^^^^^^^^^^^^^^^^^
    )
    ^
TypeError: GenericProvider.check_username() got an unexpected keyword argument 'network'
2026-07-17 20:35:04,135 - osint_nexus.orchestrator - ERROR - Scan failure in Aparat: GenericProvider.check_username() got an unexpected keyword argument 'network'
Traceback (most recent call last):
  File "/data/data/com.termux/files/home/osint-nexus/osint_nexus/core/orchestrator.py", line 104, in _execute_provider
    raw_found, content = await provider.check_username(
                               ~~~~~~~~~~~~~~~~~~~~~~~^
        username,
        ^^^^^^^^^
    ...<2 lines>...
        **microlink_options
        ^^^^^^^^^^^^^^^^^^^
    )
    ^
TypeError: GenericProvider.check_username() got an unexpected keyword argument 'network'
2026-07-17 20:35:04,136 - osint_nexus.orchestrator - ERROR - Scan failure in Virasty: GenericProvider.check_username() got an unexpected keyword argument 'network'
Traceback (most recent call last):
  File "/data/data/com.termux/files/home/osint-nexus/osint_nexus/core/orchestrator.py", line 104, in _execute_provider
    raw_found, content = await provider.check_username(
                               ~~~~~~~~~~~~~~~~~~~~~~~^
        username,
        ^^^^^^^^^
    ...<2 lines>...
        **microlink_options
        ^^^^^^^^^^^^^^^^^^^
    )
    ^
TypeError: GenericProvider.check_username() got an unexpected keyword argument 'network'
2026-07-17 20:35:04,136 - osint_nexus.orchestrator - ERROR - Scan failure in Nashenas: GenericProvider.check_username() got an unexpected keyword argument 'network'
Traceback (most recent call last):
  File "/data/data/com.termux/files/home/osint-nexus/osint_nexus/core/orchestrator.py", line 104, in _execute_provider
    raw_found, content = await provider.check_username(
                               ~~~~~~~~~~~~~~~~~~~~~~~^
        username,
        ^^^^^^^^^
    ...<2 lines>...
        **microlink_options
        ^^^^^^^^^^^^^^^^^^^
    )
    ^
TypeError: GenericProvider.check_username() got an unexpected keyword argument 'network'
2026-07-17 20:49:12,531 - osint_nexus.validator - INFO - Validator initialised for 'testuser' with 3 rules
2026-07-17 20:49:12,532 - osint_nexus.hierarchy - INFO - Subsystem 'evasion' registered.
2026-07-17 20:49:12,532 - osint_nexus.hierarchy - INFO - Subsystem 'network' registered.
2026-07-17 20:49:12,532 - osint_nexus.hierarchy - INFO - Subsystem 'fingerprint' registered.
2026-07-17 20:49:12,534 - osint_nexus - INFO - Agent starting scan for: testuser
2026-07-17 20:49:12,536 - osint_nexus.device_inference - ERROR - Data parsing error during device inference: expected string or bytes-like object, got 'MagicMock'
2026-07-17 20:49:12,552 - osint_nexus.validator - INFO - Validator initialised for 'testuser' with 3 rules
2026-07-17 20:49:12,554 - osint_nexus.validator - INFO - Validator initialised for 'testuser' with 3 rules
2026-07-17 20:50:19,206 - osint_nexus.validator - INFO - Validator initialised for 'missminu' with 3 rules
2026-07-17 20:50:19,206 - osint_nexus.hierarchy - INFO - Subsystem 'evasion' registered.
2026-07-17 20:50:19,206 - osint_nexus.hierarchy - INFO - Subsystem 'network' registered.
2026-07-17 20:50:19,206 - osint_nexus.hierarchy - INFO - Subsystem 'fingerprint' registered.
2026-07-17 20:50:19,220 - osint_nexus - INFO - Agent starting scan for: missminu
2026-07-17 20:50:19,221 - osint_nexus.orchestrator - ERROR - Scan failure in Telegram: GenericProvider.check_username() got an unexpected keyword argument 'network'
Traceback (most recent call last):
  File "/data/data/com.termux/files/home/osint-nexus/osint_nexus/core/orchestrator.py", line 104, in _execute_provider
    raw_found, content = await provider.check_username(
                               ~~~~~~~~~~~~~~~~~~~~~~~^
        username,
        ^^^^^^^^^
    ...<2 lines>...
        **microlink_options
        ^^^^^^^^^^^^^^^^^^^
    )
    ^
TypeError: GenericProvider.check_username() got an unexpected keyword argument 'network'
2026-07-17 20:50:19,222 - osint_nexus.orchestrator - ERROR - Scan failure in Instagram: GenericProvider.check_username() got an unexpected keyword argument 'network'
Traceback (most recent call last):
  File "/data/data/com.termux/files/home/osint-nexus/osint_nexus/core/orchestrator.py", line 104, in _execute_provider
    raw_found, content = await provider.check_username(
                               ~~~~~~~~~~~~~~~~~~~~~~~^
        username,
        ^^^^^^^^^
    ...<2 lines>...
        **microlink_options
        ^^^^^^^^^^^^^^^^^^^
    )
    ^
TypeError: GenericProvider.check_username() got an unexpected keyword argument 'network'
2026-07-17 20:50:19,223 - osint_nexus.orchestrator - ERROR - Scan failure in X: GenericProvider.check_username() got an unexpected keyword argument 'network'
Traceback (most recent call last):
  File "/data/data/com.termux/files/home/osint-nexus/osint_nexus/core/orchestrator.py", line 104, in _execute_provider
    raw_found, content = await provider.check_username(
                               ~~~~~~~~~~~~~~~~~~~~~~~^
        username,
        ^^^^^^^^^
    ...<2 lines>...
        **microlink_options
        ^^^^^^^^^^^^^^^^^^^
    )
    ^
TypeError: GenericProvider.check_username() got an unexpected keyword argument 'network'
2026-07-17 20:50:19,224 - osint_nexus.orchestrator - ERROR - Scan failure in Facebook: GenericProvider.check_username() got an unexpected keyword argument 'network'
Traceback (most recent call last):
  File "/data/data/com.termux/files/home/osint-nexus/osint_nexus/core/orchestrator.py", line 104, in _execute_provider
    raw_found, content = await provider.check_username(
                               ~~~~~~~~~~~~~~~~~~~~~~~^
        username,
        ^^^^^^^^^
    ...<2 lines>...
        **microlink_options
        ^^^^^^^^^^^^^^^^^^^
    )
    ^
TypeError: GenericProvider.check_username() got an unexpected keyword argument 'network'
2026-07-17 20:50:19,224 - osint_nexus.orchestrator - ERROR - Scan failure in Bluesky: GenericProvider.check_username() got an unexpected keyword argument 'network'
Traceback (most recent call last):
  File "/data/data/com.termux/files/home/osint-nexus/osint_nexus/core/orchestrator.py", line 104, in _execute_provider
    raw_found, content = await provider.check_username(
                               ~~~~~~~~~~~~~~~~~~~~~~~^
        username,
        ^^^^^^^^^
    ...<2 lines>...
        **microlink_options
        ^^^^^^^^^^^^^^^^^^^
    )
    ^
TypeError: GenericProvider.check_username() got an unexpected keyword argument 'network'
2026-07-17 20:50:19,225 - osint_nexus.orchestrator - ERROR - Scan failure in Threads: GenericProvider.check_username() got an unexpected keyword argument 'network'
Traceback (most recent call last):
  File "/data/data/com.termux/files/home/osint-nexus/osint_nexus/core/orchestrator.py", line 104, in _execute_provider
    raw_found, content = await provider.check_username(
                               ~~~~~~~~~~~~~~~~~~~~~~~^
        username,
        ^^^^^^^^^
    ...<2 lines>...
        **microlink_options
        ^^^^^^^^^^^^^^^^^^^
    )
    ^
TypeError: GenericProvider.check_username() got an unexpected keyword argument 'network'
2026-07-17 20:50:19,226 - osint_nexus.orchestrator - ERROR - Scan failure in Discord: GenericProvider.check_username() got an unexpected keyword argument 'network'
Traceback (most recent call last):
  File "/data/data/com.termux/files/home/osint-nexus/osint_nexus/core/orchestrator.py", line 104, in _execute_provider
    raw_found, content = await provider.check_username(
                               ~~~~~~~~~~~~~~~~~~~~~~~^
        username,
        ^^^^^^^^^
    ...<2 lines>...
        **microlink_options
        ^^^^^^^^^^^^^^^^^^^
    )
    ^
TypeError: GenericProvider.check_username() got an unexpected keyword argument 'network'
2026-07-17 20:50:19,226 - osint_nexus.orchestrator - ERROR - Scan failure in LinkedIn: GenericProvider.check_username() got an unexpected keyword argument 'network'
Traceback (most recent call last):
  File "/data/data/com.termux/files/home/osint-nexus/osint_nexus/core/orchestrator.py", line 104, in _execute_provider
    raw_found, content = await provider.check_username(
                               ~~~~~~~~~~~~~~~~~~~~~~~^
        username,
        ^^^^^^^^^
    ...<2 lines>...
        **microlink_options
        ^^^^^^^^^^^^^^^^^^^
    )
    ^
TypeError: GenericProvider.check_username() got an unexpected keyword argument 'network'
2026-07-17 20:50:19,227 - osint_nexus.orchestrator - ERROR - Scan failure in TikTok: GenericProvider.check_username() got an unexpected keyword argument 'network'
Traceback (most recent call last):
  File "/data/data/com.termux/files/home/osint-nexus/osint_nexus/core/orchestrator.py", line 104, in _execute_provider
    raw_found, content = await provider.check_username(
                               ~~~~~~~~~~~~~~~~~~~~~~~^
        username,
        ^^^^^^^^^
    ...<2 lines>...
        **microlink_options
        ^^^^^^^^^^^^^^^^^^^
    )
    ^
TypeError: GenericProvider.check_username() got an unexpected keyword argument 'network'
2026-07-17 20:50:19,227 - osint_nexus.orchestrator - ERROR - Scan failure in Snapchat: GenericProvider.check_username() got an unexpected keyword argument 'network'
Traceback (most recent call last):
  File "/data/data/com.termux/files/home/osint-nexus/osint_nexus/core/orchestrator.py", line 104, in _execute_provider
    raw_found, content = await provider.check_username(
                               ~~~~~~~~~~~~~~~~~~~~~~~^
        username,
        ^^^^^^^^^
    ...<2 lines>...
        **microlink_options
        ^^^^^^^^^^^^^^^^^^^
    )
    ^
TypeError: GenericProvider.check_username() got an unexpected keyword argument 'network'
2026-07-17 20:50:19,228 - osint_nexus.orchestrator - ERROR - Scan failure in Reddit: GenericProvider.check_username() got an unexpected keyword argument 'network'
Traceback (most recent call last):
  File "/data/data/com.termux/files/home/osint-nexus/osint_nexus/core/orchestrator.py", line 104, in _execute_provider
    raw_found, content = await provider.check_username(
                               ~~~~~~~~~~~~~~~~~~~~~~~^
        username,
        ^^^^^^^^^
    ...<2 lines>...
        **microlink_options
        ^^^^^^^^^^^^^^^^^^^
    )
    ^
TypeError: GenericProvider.check_username() got an unexpected keyword argument 'network'
2026-07-17 20:50:19,229 - osint_nexus.orchestrator - ERROR - Scan failure in Pinterest: GenericProvider.check_username() got an unexpected keyword argument 'network'
Traceback (most recent call last):
  File "/data/data/com.termux/files/home/osint-nexus/osint_nexus/core/orchestrator.py", line 104, in _execute_provider
    raw_found, content = await provider.check_username(
                               ~~~~~~~~~~~~~~~~~~~~~~~^
        username,
        ^^^^^^^^^
    ...<2 lines>...
        **microlink_options
        ^^^^^^^^^^^^^^^^^^^
    )
    ^
TypeError: GenericProvider.check_username() got an unexpected keyword argument 'network'
2026-07-17 20:50:19,229 - osint_nexus.orchestrator - ERROR - Scan failure in Twitch: GenericProvider.check_username() got an unexpected keyword argument 'network'
Traceback (most recent call last):
  File "/data/data/com.termux/files/home/osint-nexus/osint_nexus/core/orchestrator.py", line 104, in _execute_provider
    raw_found, content = await provider.check_username(
                               ~~~~~~~~~~~~~~~~~~~~~~~^
        username,
        ^^^^^^^^^
    ...<2 lines>...
        **microlink_options
        ^^^^^^^^^^^^^^^^^^^
    )
    ^
TypeError: GenericProvider.check_username() got an unexpected keyword argument 'network'
2026-07-17 20:50:19,230 - osint_nexus.orchestrator - ERROR - Scan failure in Medium: GenericProvider.check_username() got an unexpected keyword argument 'network'
Traceback (most recent call last):
  File "/data/data/com.termux/files/home/osint-nexus/osint_nexus/core/orchestrator.py", line 104, in _execute_provider
    raw_found, content = await provider.check_username(
                               ~~~~~~~~~~~~~~~~~~~~~~~^
        username,
        ^^^^^^^^^
    ...<2 lines>...
        **microlink_options
        ^^^^^^^^^^^^^^^^^^^
    )
    ^
TypeError: GenericProvider.check_username() got an unexpected keyword argument 'network'
2026-07-17 20:50:19,231 - osint_nexus.orchestrator - ERROR - Scan failure in GitLab: GenericProvider.check_username() got an unexpected keyword argument 'network'
Traceback (most recent call last):
  File "/data/data/com.termux/files/home/osint-nexus/osint_nexus/core/orchestrator.py", line 104, in _execute_provider
    raw_found, content = await provider.check_username(
                               ~~~~~~~~~~~~~~~~~~~~~~~^
        username,
        ^^^^^^^^^
    ...<2 lines>...
        **microlink_options
        ^^^^^^^^^^^^^^^^^^^
    )
    ^
TypeError: GenericProvider.check_username() got an unexpected keyword argument 'network'
2026-07-17 20:50:19,231 - osint_nexus.orchestrator - ERROR - Scan failure in StackOverflow: GenericProvider.check_username() got an unexpected keyword argument 'network'
Traceback (most recent call last):
  File "/data/data/com.termux/files/home/osint-nexus/osint_nexus/core/orchestrator.py", line 104, in _execute_provider
    raw_found, content = await provider.check_username(
                               ~~~~~~~~~~~~~~~~~~~~~~~^
        username,
        ^^^^^^^^^
    ...<2 lines>...
        **microlink_options
        ^^^^^^^^^^^^^^^^^^^
    )
    ^
TypeError: GenericProvider.check_username() got an unexpected keyword argument 'network'
2026-07-17 20:50:19,232 - osint_nexus.orchestrator - ERROR - Scan failure in Rubika: GenericProvider.check_username() got an unexpected keyword argument 'network'
Traceback (most recent call last):
  File "/data/data/com.termux/files/home/osint-nexus/osint_nexus/core/orchestrator.py", line 104, in _execute_provider
    raw_found, content = await provider.check_username(
                               ~~~~~~~~~~~~~~~~~~~~~~~^
        username,
        ^^^^^^^^^
    ...<2 lines>...
        **microlink_options
        ^^^^^^^^^^^^^^^^^^^
    )
    ^
TypeError: GenericProvider.check_username() got an unexpected keyword argument 'network'
2026-07-17 20:50:19,233 - osint_nexus.orchestrator - ERROR - Scan failure in Bale: GenericProvider.check_username() got an unexpected keyword argument 'network'
Traceback (most recent call last):
  File "/data/data/com.termux/files/home/osint-nexus/osint_nexus/core/orchestrator.py", line 104, in _execute_provider
    raw_found, content = await provider.check_username(
                               ~~~~~~~~~~~~~~~~~~~~~~~^
        username,
        ^^^^^^^^^
    ...<2 lines>...
        **microlink_options
        ^^^^^^^^^^^^^^^^^^^
    )
    ^
TypeError: GenericProvider.check_username() got an unexpected keyword argument 'network'
2026-07-17 20:50:19,233 - osint_nexus.orchestrator - ERROR - Scan failure in Eitaa: GenericProvider.check_username() got an unexpected keyword argument 'network'
Traceback (most recent call last):
  File "/data/data/com.termux/files/home/osint-nexus/osint_nexus/core/orchestrator.py", line 104, in _execute_provider
    raw_found, content = await provider.check_username(
                               ~~~~~~~~~~~~~~~~~~~~~~~^
        username,
        ^^^^^^^^^
    ...<2 lines>...
        **microlink_options
        ^^^^^^^^^^^^^^^^^^^
    )
    ^
TypeError: GenericProvider.check_username() got an unexpected keyword argument 'network'
2026-07-17 20:50:19,234 - osint_nexus.orchestrator - ERROR - Scan failure in Soroush+: GenericProvider.check_username() got an unexpected keyword argument 'network'
Traceback (most recent call last):
  File "/data/data/com.termux/files/home/osint-nexus/osint_nexus/core/orchestrator.py", line 104, in _execute_provider
    raw_found, content = await provider.check_username(
                               ~~~~~~~~~~~~~~~~~~~~~~~^
        username,
        ^^^^^^^^^
    ...<2 lines>...
        **microlink_options
        ^^^^^^^^^^^^^^^^^^^
    )
    ^
TypeError: GenericProvider.check_username() got an unexpected keyword argument 'network'
2026-07-17 20:50:19,235 - osint_nexus.orchestrator - ERROR - Scan failure in Shad: GenericProvider.check_username() got an unexpected keyword argument 'network'
Traceback (most recent call last):
  File "/data/data/com.termux/files/home/osint-nexus/osint_nexus/core/orchestrator.py", line 104, in _execute_provider
    raw_found, content = await provider.check_username(
                               ~~~~~~~~~~~~~~~~~~~~~~~^
        username,
        ^^^^^^^^^
    ...<2 lines>...
        **microlink_options
        ^^^^^^^^^^^^^^^^^^^
    )
    ^
TypeError: GenericProvider.check_username() got an unexpected keyword argument 'network'
2026-07-17 20:50:19,235 - osint_nexus.orchestrator - ERROR - Scan failure in Gap: GenericProvider.check_username() got an unexpected keyword argument 'network'
Traceback (most recent call last):
  File "/data/data/com.termux/files/home/osint-nexus/osint_nexus/core/orchestrator.py", line 104, in _execute_provider
    raw_found, content = await provider.check_username(
                               ~~~~~~~~~~~~~~~~~~~~~~~^
        username,
        ^^^^^^^^^
    ...<2 lines>...
        **microlink_options
        ^^^^^^^^^^^^^^^^^^^
    )
    ^
TypeError: GenericProvider.check_username() got an unexpected keyword argument 'network'
2026-07-17 20:50:19,236 - osint_nexus.orchestrator - ERROR - Scan failure in IGap: GenericProvider.check_username() got an unexpected keyword argument 'network'
Traceback (most recent call last):
  File "/data/data/com.termux/files/home/osint-nexus/osint_nexus/core/orchestrator.py", line 104, in _execute_provider
    raw_found, content = await provider.check_username(
                               ~~~~~~~~~~~~~~~~~~~~~~~^
        username,
        ^^^^^^^^^
    ...<2 lines>...
        **microlink_options
        ^^^^^^^^^^^^^^^^^^^
    )
    ^
TypeError: GenericProvider.check_username() got an unexpected keyword argument 'network'
2026-07-17 20:50:19,237 - osint_nexus.orchestrator - ERROR - Scan failure in Virasty: GenericProvider.check_username() got an unexpected keyword argument 'network'
Traceback (most recent call last):
  File "/data/data/com.termux/files/home/osint-nexus/osint_nexus/core/orchestrator.py", line 104, in _execute_provider
    raw_found, content = await provider.check_username(
                               ~~~~~~~~~~~~~~~~~~~~~~~^
        username,
        ^^^^^^^^^
    ...<2 lines>...
        **microlink_options
        ^^^^^^^^^^^^^^^^^^^
    )
    ^
TypeError: GenericProvider.check_username() got an unexpected keyword argument 'network'
2026-07-17 20:50:19,237 - osint_nexus.orchestrator - ERROR - Scan failure in Nashenas: GenericProvider.check_username() got an unexpected keyword argument 'network'
Traceback (most recent call last):
  File "/data/data/com.termux/files/home/osint-nexus/osint_nexus/core/orchestrator.py", line 104, in _execute_provider
    raw_found, content = await provider.check_username(
                               ~~~~~~~~~~~~~~~~~~~~~~~^
        username,
        ^^^^^^^^^
    ...<2 lines>...
        **microlink_options
        ^^^^^^^^^^^^^^^^^^^
    )
    ^
TypeError: GenericProvider.check_username() got an unexpected keyword argument 'network'
2026-07-17 20:50:19,238 - osint_nexus.orchestrator - ERROR - Scan failure in GitHub: GitHubProvider.check_username() got an unexpected keyword argument 'network'
Traceback (most recent call last):
  File "/data/data/com.termux/files/home/osint-nexus/osint_nexus/core/orchestrator.py", line 104, in _execute_provider
    raw_found, content = await provider.check_username(
                               ~~~~~~~~~~~~~~~~~~~~~~~^
        username,
        ^^^^^^^^^
    ...<2 lines>...
        **microlink_options
        ^^^^^^^^^^^^^^^^^^^
    )
    ^
TypeError: GitHubProvider.check_username() got an unexpected keyword argument 'network'
2026-07-17 20:50:19,239 - osint_nexus.orchestrator - ERROR - Scan failure in Aparat: AparatProvider.check_username() got an unexpected keyword argument 'network'
Traceback (most recent call last):
  File "/data/data/com.termux/files/home/osint-nexus/osint_nexus/core/orchestrator.py", line 104, in _execute_provider
    raw_found, content = await provider.check_username(
                               ~~~~~~~~~~~~~~~~~~~~~~~^
        username,
        ^^^^^^^^^
    ...<2 lines>...
        **microlink_options
        ^^^^^^^^^^^^^^^^^^^
    )
    ^
TypeError: AparatProvider.check_username() got an unexpected keyword argument 'network'
2026-07-17 20:52:04,031 - osint_nexus.validator - INFO - Validator initialised for 'testuser' with 3 rules
2026-07-17 20:52:04,032 - osint_nexus.hierarchy - INFO - Subsystem 'evasion' registered.
2026-07-17 20:52:04,032 - osint_nexus.hierarchy - INFO - Subsystem 'network' registered.
2026-07-17 20:52:04,032 - osint_nexus.hierarchy - INFO - Subsystem 'fingerprint' registered.
2026-07-17 20:52:04,033 - osint_nexus - INFO - Agent starting scan for: testuser
2026-07-17 20:52:04,036 - osint_nexus.device_inference - ERROR - Data parsing error during device inference: expected string or bytes-like object, got 'MagicMock'
2026-07-17 20:52:04,054 - osint_nexus.validator - INFO - Validator initialised for 'testuser' with 3 rules
2026-07-17 20:52:04,055 - osint_nexus.validator - INFO - Validator initialised for 'testuser' with 3 rules
2026-07-17 20:52:14,678 - osint_nexus.validator - INFO - Validator initialised for 'missminu' with 3 rules
2026-07-17 20:52:14,678 - osint_nexus.hierarchy - INFO - Subsystem 'evasion' registered.
2026-07-17 20:52:14,678 - osint_nexus.hierarchy - INFO - Subsystem 'network' registered.
2026-07-17 20:52:14,679 - osint_nexus.hierarchy - INFO - Subsystem 'fingerprint' registered.
2026-07-17 20:52:14,692 - osint_nexus - INFO - Agent starting scan for: missminu
2026-07-17 20:52:14,692 - osint_nexus.retry - WARNING - Attempt 1/3 failed: 'HumanMimicryEngine' object has no attribute 'apply_jitter'. Retrying in 0.39s...
2026-07-17 20:52:14,693 - osint_nexus.retry - WARNING - Attempt 1/3 failed: 'HumanMimicryEngine' object has no attribute 'apply_jitter'. Retrying in 0.31s...
2026-07-17 20:52:14,693 - osint_nexus.retry - WARNING - Attempt 1/3 failed: 'HumanMimicryEngine' object has no attribute 'apply_jitter'. Retrying in 0.65s...
2026-07-17 20:52:14,693 - osint_nexus.retry - WARNING - Attempt 1/3 failed: 'HumanMimicryEngine' object has no attribute 'apply_jitter'. Retrying in 0.37s...
2026-07-17 20:52:14,693 - osint_nexus.retry - WARNING - Attempt 1/3 failed: 'HumanMimicryEngine' object has no attribute 'apply_jitter'. Retrying in 0.49s...
2026-07-17 20:52:15,009 - osint_nexus.retry - WARNING - Attempt 2/3 failed: 'HumanMimicryEngine' object has no attribute 'apply_jitter'. Retrying in 0.77s...
2026-07-17 20:52:15,067 - osint_nexus.retry - WARNING - Attempt 2/3 failed: 'HumanMimicryEngine' object has no attribute 'apply_jitter'. Retrying in 0.87s...
2026-07-17 20:52:15,084 - osint_nexus.retry - WARNING - Attempt 2/3 failed: 'HumanMimicryEngine' object has no attribute 'apply_jitter'. Retrying in 1.35s...
2026-07-17 20:52:15,185 - osint_nexus.retry - WARNING - Attempt 2/3 failed: 'HumanMimicryEngine' object has no attribute 'apply_jitter'. Retrying in 0.91s...
2026-07-17 20:52:15,341 - osint_nexus.retry - WARNING - Attempt 2/3 failed: 'HumanMimicryEngine' object has no attribute 'apply_jitter'. Retrying in 1.43s...
2026-07-17 20:52:15,781 - osint_nexus.retry - ERROR - All 3 retries exhausted. Last error: 'HumanMimicryEngine' object has no attribute 'apply_jitter'
2026-07-17 20:52:15,781 - osint_nexus.orchestrator - ERROR - Scan failure in Instagram: 'HumanMimicryEngine' object has no attribute 'apply_jitter'
Traceback (most recent call last):
  File "/data/data/com.termux/files/home/osint-nexus/osint_nexus/core/orchestrator.py", line 104, in _execute_provider
    raw_found, content = await provider.check_username(
                         ^^^^^^^^^^^^^^^^^^^^^^^^^^^^^^
    ...<4 lines>...
    )
    ^
  File "/data/data/com.termux/files/home/osint-nexus/osint_nexus/providers/generic.py", line 37, in check_username
    return await self.network.fetch(url)
           ^^^^^^^^^^^^^^^^^^^^^^^^^^^^^
  File "/data/data/com.termux/files/home/osint-nexus/osint_nexus/utils/network.py", line 107, in fetch
    return await self.retry.run(_attempt)
           ^^^^^^^^^^^^^^^^^^^^^^^^^^^^^^
  File "/data/data/com.termux/files/home/osint-nexus/osint_nexus/utils/retry.py", line 67, in run
    return await func(*args, **kwargs)
           ^^^^^^^^^^^^^^^^^^^^^^^^^^^
  File "/data/data/com.termux/files/home/osint-nexus/osint_nexus/utils/network.py", line 85, in _attempt
    await self.mimicry.apply_jitter()
          ^^^^^^^^^^^^^^^^^^^^^^^^^
AttributeError: 'HumanMimicryEngine' object has no attribute 'apply_jitter'
2026-07-17 20:52:15,796 - osint_nexus.retry - WARNING - Attempt 1/3 failed: 'HumanMimicryEngine' object has no attribute 'apply_jitter'. Retrying in 0.62s...
2026-07-17 20:52:15,939 - osint_nexus.retry - ERROR - All 3 retries exhausted. Last error: 'HumanMimicryEngine' object has no attribute 'apply_jitter'
2026-07-17 20:52:15,940 - osint_nexus.orchestrator - ERROR - Scan failure in Facebook: 'HumanMimicryEngine' object has no attribute 'apply_jitter'
Traceback (most recent call last):
  File "/data/data/com.termux/files/home/osint-nexus/osint_nexus/core/orchestrator.py", line 104, in _execute_provider
    raw_found, content = await provider.check_username(
                         ^^^^^^^^^^^^^^^^^^^^^^^^^^^^^^
    ...<4 lines>...
    )
    ^
  File "/data/data/com.termux/files/home/osint-nexus/osint_nexus/providers/generic.py", line 37, in check_username
    return await self.network.fetch(url)
           ^^^^^^^^^^^^^^^^^^^^^^^^^^^^^
  File "/data/data/com.termux/files/home/osint-nexus/osint_nexus/utils/network.py", line 107, in fetch
    return await self.retry.run(_attempt)
           ^^^^^^^^^^^^^^^^^^^^^^^^^^^^^^
  File "/data/data/com.termux/files/home/osint-nexus/osint_nexus/utils/retry.py", line 67, in run
    return await func(*args, **kwargs)
           ^^^^^^^^^^^^^^^^^^^^^^^^^^^
  File "/data/data/com.termux/files/home/osint-nexus/osint_nexus/utils/network.py", line 85, in _attempt
    await self.mimicry.apply_jitter()
          ^^^^^^^^^^^^^^^^^^^^^^^^^
AttributeError: 'HumanMimicryEngine' object has no attribute 'apply_jitter'
2026-07-17 20:52:15,945 - osint_nexus.retry - WARNING - Attempt 1/3 failed: 'HumanMimicryEngine' object has no attribute 'apply_jitter'. Retrying in 0.46s...
2026-07-17 20:52:16,098 - osint_nexus.retry - ERROR - All 3 retries exhausted. Last error: 'HumanMimicryEngine' object has no attribute 'apply_jitter'
2026-07-17 20:52:16,099 - osint_nexus.orchestrator - ERROR - Scan failure in Bluesky: 'HumanMimicryEngine' object has no attribute 'apply_jitter'
Traceback (most recent call last):
  File "/data/data/com.termux/files/home/osint-nexus/osint_nexus/core/orchestrator.py", line 104, in _execute_provider
    raw_found, content = await provider.check_username(
                         ^^^^^^^^^^^^^^^^^^^^^^^^^^^^^^
    ...<4 lines>...
    )
    ^
  File "/data/data/com.termux/files/home/osint-nexus/osint_nexus/providers/generic.py", line 37, in check_username
    return await self.network.fetch(url)
           ^^^^^^^^^^^^^^^^^^^^^^^^^^^^^
  File "/data/data/com.termux/files/home/osint-nexus/osint_nexus/utils/network.py", line 107, in fetch
    return await self.retry.run(_attempt)
           ^^^^^^^^^^^^^^^^^^^^^^^^^^^^^^
  File "/data/data/com.termux/files/home/osint-nexus/osint_nexus/utils/retry.py", line 67, in run
    return await func(*args, **kwargs)
           ^^^^^^^^^^^^^^^^^^^^^^^^^^^
  File "/data/data/com.termux/files/home/osint-nexus/osint_nexus/utils/network.py", line 85, in _attempt
    await self.mimicry.apply_jitter()
          ^^^^^^^^^^^^^^^^^^^^^^^^^
AttributeError: 'HumanMimicryEngine' object has no attribute 'apply_jitter'
2026-07-17 20:52:16,104 - osint_nexus.retry - WARNING - Attempt 1/3 failed: 'HumanMimicryEngine' object has no attribute 'apply_jitter'. Retrying in 0.51s...
2026-07-17 20:52:16,407 - osint_nexus.retry - WARNING - Attempt 2/3 failed: 'HumanMimicryEngine' object has no attribute 'apply_jitter'. Retrying in 1.18s...
2026-07-17 20:52:16,420 - osint_nexus.retry - WARNING - Attempt 2/3 failed: 'HumanMimicryEngine' object has no attribute 'apply_jitter'. Retrying in 0.59s...
2026-07-17 20:52:16,436 - osint_nexus.retry - ERROR - All 3 retries exhausted. Last error: 'HumanMimicryEngine' object has no attribute 'apply_jitter'
2026-07-17 20:52:16,437 - osint_nexus.orchestrator - ERROR - Scan failure in Telegram: 'HumanMimicryEngine' object has no attribute 'apply_jitter'
Traceback (most recent call last):
  File "/data/data/com.termux/files/home/osint-nexus/osint_nexus/core/orchestrator.py", line 104, in _execute_provider
    raw_found, content = await provider.check_username(
                         ^^^^^^^^^^^^^^^^^^^^^^^^^^^^^^
    ...<4 lines>...
    )
    ^
  File "/data/data/com.termux/files/home/osint-nexus/osint_nexus/providers/generic.py", line 37, in check_username
    return await self.network.fetch(url)
           ^^^^^^^^^^^^^^^^^^^^^^^^^^^^^
  File "/data/data/com.termux/files/home/osint-nexus/osint_nexus/utils/network.py", line 107, in fetch
    return await self.retry.run(_attempt)
           ^^^^^^^^^^^^^^^^^^^^^^^^^^^^^^
  File "/data/data/com.termux/files/home/osint-nexus/osint_nexus/utils/retry.py", line 67, in run
    return await func(*args, **kwargs)
           ^^^^^^^^^^^^^^^^^^^^^^^^^^^
  File "/data/data/com.termux/files/home/osint-nexus/osint_nexus/utils/network.py", line 85, in _attempt
    await self.mimicry.apply_jitter()
          ^^^^^^^^^^^^^^^^^^^^^^^^^
AttributeError: 'HumanMimicryEngine' object has no attribute 'apply_jitter'
2026-07-17 20:52:16,446 - osint_nexus.retry - WARNING - Attempt 1/3 failed: 'HumanMimicryEngine' object has no attribute 'apply_jitter'. Retrying in 0.48s...
2026-07-17 20:52:16,612 - osint_nexus.retry - WARNING - Attempt 2/3 failed: 'HumanMimicryEngine' object has no attribute 'apply_jitter'. Retrying in 0.71s...
2026-07-17 20:52:16,771 - osint_nexus.retry - ERROR - All 3 retries exhausted. Last error: 'HumanMimicryEngine' object has no attribute 'apply_jitter'
2026-07-17 20:52:16,772 - osint_nexus.orchestrator - ERROR - Scan failure in X: 'HumanMimicryEngine' object has no attribute 'apply_jitter'
Traceback (most recent call last):
  File "/data/data/com.termux/files/home/osint-nexus/osint_nexus/core/orchestrator.py", line 104, in _execute_provider
    raw_found, content = await provider.check_username(
                         ^^^^^^^^^^^^^^^^^^^^^^^^^^^^^^
    ...<4 lines>...
    )
    ^
  File "/data/data/com.termux/files/home/osint-nexus/osint_nexus/providers/generic.py", line 37, in check_username
    return await self.network.fetch(url)
           ^^^^^^^^^^^^^^^^^^^^^^^^^^^^^
  File "/data/data/com.termux/files/home/osint-nexus/osint_nexus/utils/network.py", line 107, in fetch
    return await self.retry.run(_attempt)
           ^^^^^^^^^^^^^^^^^^^^^^^^^^^^^^
  File "/data/data/com.termux/files/home/osint-nexus/osint_nexus/utils/retry.py", line 67, in run
    return await func(*args, **kwargs)
           ^^^^^^^^^^^^^^^^^^^^^^^^^^^
  File "/data/data/com.termux/files/home/osint-nexus/osint_nexus/utils/network.py", line 85, in _attempt
    await self.mimicry.apply_jitter()
          ^^^^^^^^^^^^^^^^^^^^^^^^^
AttributeError: 'HumanMimicryEngine' object has no attribute 'apply_jitter'
2026-07-17 20:52:16,781 - osint_nexus.retry - WARNING - Attempt 1/3 failed: 'HumanMimicryEngine' object has no attribute 'apply_jitter'. Retrying in 0.34s...
2026-07-17 20:52:16,924 - osint_nexus.retry - WARNING - Attempt 2/3 failed: 'HumanMimicryEngine' object has no attribute 'apply_jitter'. Retrying in 1.34s...
2026-07-17 20:52:17,014 - osint_nexus.retry - ERROR - All 3 retries exhausted. Last error: 'HumanMimicryEngine' object has no attribute 'apply_jitter'
2026-07-17 20:52:17,015 - osint_nexus.orchestrator - ERROR - Scan failure in Threads: 'HumanMimicryEngine' object has no attribute 'apply_jitter'
Traceback (most recent call last):
  File "/data/data/com.termux/files/home/osint-nexus/osint_nexus/core/orchestrator.py", line 104, in _execute_provider
    raw_found, content = await provider.check_username(
                         ^^^^^^^^^^^^^^^^^^^^^^^^^^^^^^
    ...<4 lines>...
    )
    ^
  File "/data/data/com.termux/files/home/osint-nexus/osint_nexus/providers/generic.py", line 37, in check_username
    return await self.network.fetch(url)
           ^^^^^^^^^^^^^^^^^^^^^^^^^^^^^
  File "/data/data/com.termux/files/home/osint-nexus/osint_nexus/utils/network.py", line 107, in fetch
    return await self.retry.run(_attempt)
           ^^^^^^^^^^^^^^^^^^^^^^^^^^^^^^
  File "/data/data/com.termux/files/home/osint-nexus/osint_nexus/utils/retry.py", line 67, in run
    return await func(*args, **kwargs)
           ^^^^^^^^^^^^^^^^^^^^^^^^^^^
  File "/data/data/com.termux/files/home/osint-nexus/osint_nexus/utils/network.py", line 85, in _attempt
    await self.mimicry.apply_jitter()
          ^^^^^^^^^^^^^^^^^^^^^^^^^
AttributeError: 'HumanMimicryEngine' object has no attribute 'apply_jitter'
2026-07-17 20:52:17,024 - osint_nexus.retry - WARNING - Attempt 1/3 failed: 'HumanMimicryEngine' object has no attribute 'apply_jitter'. Retrying in 0.74s...
2026-07-17 20:52:17,120 - osint_nexus.retry - WARNING - Attempt 2/3 failed: 'HumanMimicryEngine' object has no attribute 'apply_jitter'. Retrying in 1.35s...
2026-07-17 20:52:17,329 - osint_nexus.retry - ERROR - All 3 retries exhausted. Last error: 'HumanMimicryEngine' object has no attribute 'apply_jitter'
2026-07-17 20:52:17,330 - osint_nexus.orchestrator - ERROR - Scan failure in LinkedIn: 'HumanMimicryEngine' object has no attribute 'apply_jitter'
Traceback (most recent call last):
  File "/data/data/com.termux/files/home/osint-nexus/osint_nexus/core/orchestrator.py", line 104, in _execute_provider
    raw_found, content = await provider.check_username(
                         ^^^^^^^^^^^^^^^^^^^^^^^^^^^^^^
    ...<4 lines>...
    )
    ^
  File "/data/data/com.termux/files/home/osint-nexus/osint_nexus/providers/generic.py", line 37, in check_username
    return await self.network.fetch(url)
           ^^^^^^^^^^^^^^^^^^^^^^^^^^^^^
  File "/data/data/com.termux/files/home/osint-nexus/osint_nexus/utils/network.py", line 107, in fetch
    return await self.retry.run(_attempt)
           ^^^^^^^^^^^^^^^^^^^^^^^^^^^^^^
  File "/data/data/com.termux/files/home/osint-nexus/osint_nexus/utils/retry.py", line 67, in run
    return await func(*args, **kwargs)
           ^^^^^^^^^^^^^^^^^^^^^^^^^^^
  File "/data/data/com.termux/files/home/osint-nexus/osint_nexus/utils/network.py", line 85, in _attempt
    await self.mimicry.apply_jitter()
          ^^^^^^^^^^^^^^^^^^^^^^^^^
AttributeError: 'HumanMimicryEngine' object has no attribute 'apply_jitter'
2026-07-17 20:52:17,339 - osint_nexus.retry - WARNING - Attempt 1/3 failed: 'HumanMimicryEngine' object has no attribute 'apply_jitter'. Retrying in 0.65s...
2026-07-17 20:52:17,589 - osint_nexus.retry - ERROR - All 3 retries exhausted. Last error: 'HumanMimicryEngine' object has no attribute 'apply_jitter'
2026-07-17 20:52:17,590 - osint_nexus.orchestrator - ERROR - Scan failure in Discord: 'HumanMimicryEngine' object has no attribute 'apply_jitter'
Traceback (most recent call last):
  File "/data/data/com.termux/files/home/osint-nexus/osint_nexus/core/orchestrator.py", line 104, in _execute_provider
    raw_found, content = await provider.check_username(
                         ^^^^^^^^^^^^^^^^^^^^^^^^^^^^^^
    ...<4 lines>...
    )
    ^
  File "/data/data/com.termux/files/home/osint-nexus/osint_nexus/providers/generic.py", line 37, in check_username
    return await self.network.fetch(url)
           ^^^^^^^^^^^^^^^^^^^^^^^^^^^^^
  File "/data/data/com.termux/files/home/osint-nexus/osint_nexus/utils/network.py", line 107, in fetch
    return await self.retry.run(_attempt)
           ^^^^^^^^^^^^^^^^^^^^^^^^^^^^^^
  File "/data/data/com.termux/files/home/osint-nexus/osint_nexus/utils/retry.py", line 67, in run
    return await func(*args, **kwargs)
           ^^^^^^^^^^^^^^^^^^^^^^^^^^^
  File "/data/data/com.termux/files/home/osint-nexus/osint_nexus/utils/network.py", line 85, in _attempt
    await self.mimicry.apply_jitter()
          ^^^^^^^^^^^^^^^^^^^^^^^^^
AttributeError: 'HumanMimicryEngine' object has no attribute 'apply_jitter'
2026-07-17 20:52:17,598 - osint_nexus.retry - WARNING - Attempt 1/3 failed: 'HumanMimicryEngine' object has no attribute 'apply_jitter'. Retrying in 0.47s...
2026-07-17 20:52:17,764 - osint_nexus.retry - WARNING - Attempt 2/3 failed: 'HumanMimicryEngine' object has no attribute 'apply_jitter'. Retrying in 0.88s...
2026-07-17 20:52:17,992 - osint_nexus.retry - WARNING - Attempt 2/3 failed: 'HumanMimicryEngine' object has no attribute 'apply_jitter'. Retrying in 1.01s...
2026-07-17 20:52:18,068 - osint_nexus.retry - WARNING - Attempt 2/3 failed: 'HumanMimicryEngine' object has no attribute 'apply_jitter'. Retrying in 1.35s...
2026-07-17 20:52:18,268 - osint_nexus.retry - ERROR - All 3 retries exhausted. Last error: 'HumanMimicryEngine' object has no attribute 'apply_jitter'
2026-07-17 20:52:18,269 - osint_nexus.orchestrator - ERROR - Scan failure in TikTok: 'HumanMimicryEngine' object has no attribute 'apply_jitter'
Traceback (most recent call last):
  File "/data/data/com.termux/files/home/osint-nexus/osint_nexus/core/orchestrator.py", line 104, in _execute_provider
    raw_found, content = await provider.check_username(
                         ^^^^^^^^^^^^^^^^^^^^^^^^^^^^^^
    ...<4 lines>...
    )
    ^
  File "/data/data/com.termux/files/home/osint-nexus/osint_nexus/providers/generic.py", line 37, in check_username
    return await self.network.fetch(url)
           ^^^^^^^^^^^^^^^^^^^^^^^^^^^^^
  File "/data/data/com.termux/files/home/osint-nexus/osint_nexus/utils/network.py", line 107, in fetch
    return await self.retry.run(_attempt)
           ^^^^^^^^^^^^^^^^^^^^^^^^^^^^^^
  File "/data/data/com.termux/files/home/osint-nexus/osint_nexus/utils/retry.py", line 67, in run
    return await func(*args, **kwargs)
           ^^^^^^^^^^^^^^^^^^^^^^^^^^^
  File "/data/data/com.termux/files/home/osint-nexus/osint_nexus/utils/network.py", line 85, in _attempt
    await self.mimicry.apply_jitter()
          ^^^^^^^^^^^^^^^^^^^^^^^^^
AttributeError: 'HumanMimicryEngine' object has no attribute 'apply_jitter'
2026-07-17 20:52:18,278 - osint_nexus.retry - WARNING - Attempt 1/3 failed: 'HumanMimicryEngine' object has no attribute 'apply_jitter'. Retrying in 0.45s...
2026-07-17 20:52:18,472 - osint_nexus.retry - ERROR - All 3 retries exhausted. Last error: 'HumanMimicryEngine' object has no attribute 'apply_jitter'
2026-07-17 20:52:18,473 - osint_nexus.orchestrator - ERROR - Scan failure in Snapchat: 'HumanMimicryEngine' object has no attribute 'apply_jitter'
Traceback (most recent call last):
  File "/data/data/com.termux/files/home/osint-nexus/osint_nexus/core/orchestrator.py", line 104, in _execute_provider
    raw_found, content = await provider.check_username(
                         ^^^^^^^^^^^^^^^^^^^^^^^^^^^^^^
    ...<4 lines>...
    )
    ^
  File "/data/data/com.termux/files/home/osint-nexus/osint_nexus/providers/generic.py", line 37, in check_username
    return await self.network.fetch(url)
           ^^^^^^^^^^^^^^^^^^^^^^^^^^^^^
  File "/data/data/com.termux/files/home/osint-nexus/osint_nexus/utils/network.py", line 107, in fetch
    return await self.retry.run(_attempt)
           ^^^^^^^^^^^^^^^^^^^^^^^^^^^^^^
  File "/data/data/com.termux/files/home/osint-nexus/osint_nexus/utils/retry.py", line 67, in run
    return await func(*args, **kwargs)
           ^^^^^^^^^^^^^^^^^^^^^^^^^^^
  File "/data/data/com.termux/files/home/osint-nexus/osint_nexus/utils/network.py", line 85, in _attempt
    await self.mimicry.apply_jitter()
          ^^^^^^^^^^^^^^^^^^^^^^^^^
AttributeError: 'HumanMimicryEngine' object has no attribute 'apply_jitter'
2026-07-17 20:52:18,482 - osint_nexus.retry - WARNING - Attempt 1/3 failed: 'HumanMimicryEngine' object has no attribute 'apply_jitter'. Retrying in 0.50s...
2026-07-17 20:52:18,651 - osint_nexus.retry - ERROR - All 3 retries exhausted. Last error: 'HumanMimicryEngine' object has no attribute 'apply_jitter'
2026-07-17 20:52:18,654 - osint_nexus.orchestrator - ERROR - Scan failure in Reddit: 'HumanMimicryEngine' object has no attribute 'apply_jitter'
Traceback (most recent call last):
  File "/data/data/com.termux/files/home/osint-nexus/osint_nexus/core/orchestrator.py", line 104, in _execute_provider
    raw_found, content = await provider.check_username(
                         ^^^^^^^^^^^^^^^^^^^^^^^^^^^^^^
    ...<4 lines>...
    )
    ^
  File "/data/data/com.termux/files/home/osint-nexus/osint_nexus/providers/generic.py", line 37, in check_username
    return await self.network.fetch(url)
           ^^^^^^^^^^^^^^^^^^^^^^^^^^^^^
  File "/data/data/com.termux/files/home/osint-nexus/osint_nexus/utils/network.py", line 107, in fetch
    return await self.retry.run(_attempt)
           ^^^^^^^^^^^^^^^^^^^^^^^^^^^^^^
  File "/data/data/com.termux/files/home/osint-nexus/osint_nexus/utils/retry.py", line 67, in run
    return await func(*args, **kwargs)
           ^^^^^^^^^^^^^^^^^^^^^^^^^^^
  File "/data/data/com.termux/files/home/osint-nexus/osint_nexus/utils/network.py", line 85, in _attempt
    await self.mimicry.apply_jitter()
          ^^^^^^^^^^^^^^^^^^^^^^^^^
AttributeError: 'HumanMimicryEngine' object has no attribute 'apply_jitter'
2026-07-17 20:52:18,660 - osint_nexus.retry - WARNING - Attempt 1/3 failed: 'HumanMimicryEngine' object has no attribute 'apply_jitter'. Retrying in 0.54s...
2026-07-17 20:52:18,736 - osint_nexus.retry - WARNING - Attempt 2/3 failed: 'HumanMimicryEngine' object has no attribute 'apply_jitter'. Retrying in 1.26s...
2026-07-17 20:52:18,988 - osint_nexus.retry - WARNING - Attempt 2/3 failed: 'HumanMimicryEngine' object has no attribute 'apply_jitter'. Retrying in 1.32s...
2026-07-17 20:52:19,006 - osint_nexus.retry - ERROR - All 3 retries exhausted. Last error: 'HumanMimicryEngine' object has no attribute 'apply_jitter'
2026-07-17 20:52:19,007 - osint_nexus.orchestrator - ERROR - Scan failure in Pinterest: 'HumanMimicryEngine' object has no attribute 'apply_jitter'
Traceback (most recent call last):
  File "/data/data/com.termux/files/home/osint-nexus/osint_nexus/core/orchestrator.py", line 104, in _execute_provider
    raw_found, content = await provider.check_username(
                         ^^^^^^^^^^^^^^^^^^^^^^^^^^^^^^
    ...<4 lines>...
    )
    ^
  File "/data/data/com.termux/files/home/osint-nexus/osint_nexus/providers/generic.py", line 37, in check_username
    return await self.network.fetch(url)
           ^^^^^^^^^^^^^^^^^^^^^^^^^^^^^
  File "/data/data/com.termux/files/home/osint-nexus/osint_nexus/utils/network.py", line 107, in fetch
    return await self.retry.run(_attempt)
           ^^^^^^^^^^^^^^^^^^^^^^^^^^^^^^
  File "/data/data/com.termux/files/home/osint-nexus/osint_nexus/utils/retry.py", line 67, in run
    return await func(*args, **kwargs)
           ^^^^^^^^^^^^^^^^^^^^^^^^^^^
  File "/data/data/com.termux/files/home/osint-nexus/osint_nexus/utils/network.py", line 85, in _attempt
    await self.mimicry.apply_jitter()
          ^^^^^^^^^^^^^^^^^^^^^^^^^
AttributeError: 'HumanMimicryEngine' object has no attribute 'apply_jitter'
2026-07-17 20:52:19,039 - osint_nexus.retry - WARNING - Attempt 1/3 failed: 'HumanMimicryEngine' object has no attribute 'apply_jitter'. Retrying in 0.54s...
2026-07-17 20:52:19,202 - osint_nexus.retry - WARNING - Attempt 2/3 failed: 'HumanMimicryEngine' object has no attribute 'apply_jitter'. Retrying in 1.24s...
2026-07-17 20:52:19,424 - osint_nexus.retry - ERROR - All 3 retries exhausted. Last error: 'HumanMimicryEngine' object has no attribute 'apply_jitter'
2026-07-17 20:52:19,431 - osint_nexus.orchestrator - ERROR - Scan failure in Twitch: 'HumanMimicryEngine' object has no attribute 'apply_jitter'
Traceback (most recent call last):
  File "/data/data/com.termux/files/home/osint-nexus/osint_nexus/core/orchestrator.py", line 104, in _execute_provider
    raw_found, content = await provider.check_username(
                         ^^^^^^^^^^^^^^^^^^^^^^^^^^^^^^
    ...<4 lines>...
    )
    ^
  File "/data/data/com.termux/files/home/osint-nexus/osint_nexus/providers/generic.py", line 37, in check_username
    return await self.network.fetch(url)
           ^^^^^^^^^^^^^^^^^^^^^^^^^^^^^
  File "/data/data/com.termux/files/home/osint-nexus/osint_nexus/utils/network.py", line 107, in fetch
    return await self.retry.run(_attempt)
           ^^^^^^^^^^^^^^^^^^^^^^^^^^^^^^
  File "/data/data/com.termux/files/home/osint-nexus/osint_nexus/utils/retry.py", line 67, in run
    return await func(*args, **kwargs)
           ^^^^^^^^^^^^^^^^^^^^^^^^^^^
  File "/data/data/com.termux/files/home/osint-nexus/osint_nexus/utils/network.py", line 85, in _attempt
    await self.mimicry.apply_jitter()
          ^^^^^^^^^^^^^^^^^^^^^^^^^
AttributeError: 'HumanMimicryEngine' object has no attribute 'apply_jitter'
2026-07-17 20:52:19,454 - osint_nexus.retry - WARNING - Attempt 1/3 failed: 'HumanMimicryEngine' object has no attribute 'apply_jitter'. Retrying in 0.70s...
2026-07-17 20:52:19,593 - osint_nexus.retry - WARNING - Attempt 2/3 failed: 'HumanMimicryEngine' object has no attribute 'apply_jitter'. Retrying in 1.10s...
2026-07-17 20:52:19,998 - osint_nexus.retry - ERROR - All 3 retries exhausted. Last error: 'HumanMimicryEngine' object has no attribute 'apply_jitter'
2026-07-17 20:52:19,999 - osint_nexus.orchestrator - ERROR - Scan failure in Medium: 'HumanMimicryEngine' object has no attribute 'apply_jitter'
Traceback (most recent call last):
  File "/data/data/com.termux/files/home/osint-nexus/osint_nexus/core/orchestrator.py", line 104, in _execute_provider
    raw_found, content = await provider.check_username(
                         ^^^^^^^^^^^^^^^^^^^^^^^^^^^^^^
    ...<4 lines>...
    )
    ^
  File "/data/data/com.termux/files/home/osint-nexus/osint_nexus/providers/generic.py", line 37, in check_username
    return await self.network.fetch(url)
           ^^^^^^^^^^^^^^^^^^^^^^^^^^^^^
  File "/data/data/com.termux/files/home/osint-nexus/osint_nexus/utils/network.py", line 107, in fetch
    return await self.retry.run(_attempt)
           ^^^^^^^^^^^^^^^^^^^^^^^^^^^^^^
  File "/data/data/com.termux/files/home/osint-nexus/osint_nexus/utils/retry.py", line 67, in run
    return await func(*args, **kwargs)
           ^^^^^^^^^^^^^^^^^^^^^^^^^^^
  File "/data/data/com.termux/files/home/osint-nexus/osint_nexus/utils/network.py", line 85, in _attempt
    await self.mimicry.apply_jitter()
          ^^^^^^^^^^^^^^^^^^^^^^^^^
AttributeError: 'HumanMimicryEngine' object has no attribute 'apply_jitter'
2026-07-17 20:52:20,003 - osint_nexus.retry - WARNING - Attempt 1/3 failed: 'HumanMimicryEngine' object has no attribute 'apply_jitter'. Retrying in 0.58s...
2026-07-17 20:52:20,154 - osint_nexus.retry - WARNING - Attempt 2/3 failed: 'HumanMimicryEngine' object has no attribute 'apply_jitter'. Retrying in 0.96s...
2026-07-17 20:52:20,308 - osint_nexus.retry - ERROR - All 3 retries exhausted. Last error: 'HumanMimicryEngine' object has no attribute 'apply_jitter'
2026-07-17 20:52:20,309 - osint_nexus.orchestrator - ERROR - Scan failure in GitLab: 'HumanMimicryEngine' object has no attribute 'apply_jitter'
Traceback (most recent call last):
  File "/data/data/com.termux/files/home/osint-nexus/osint_nexus/core/orchestrator.py", line 104, in _execute_provider
    raw_found, content = await provider.check_username(
                         ^^^^^^^^^^^^^^^^^^^^^^^^^^^^^^
    ...<4 lines>...
    )
    ^
  File "/data/data/com.termux/files/home/osint-nexus/osint_nexus/providers/generic.py", line 37, in check_username
    return await self.network.fetch(url)
           ^^^^^^^^^^^^^^^^^^^^^^^^^^^^^
  File "/data/data/com.termux/files/home/osint-nexus/osint_nexus/utils/network.py", line 107, in fetch
    return await self.retry.run(_attempt)
           ^^^^^^^^^^^^^^^^^^^^^^^^^^^^^^
  File "/data/data/com.termux/files/home/osint-nexus/osint_nexus/utils/retry.py", line 67, in run
    return await func(*args, **kwargs)
           ^^^^^^^^^^^^^^^^^^^^^^^^^^^
  File "/data/data/com.termux/files/home/osint-nexus/osint_nexus/utils/network.py", line 85, in _attempt
    await self.mimicry.apply_jitter()
          ^^^^^^^^^^^^^^^^^^^^^^^^^
AttributeError: 'HumanMimicryEngine' object has no attribute 'apply_jitter'
2026-07-17 20:52:20,316 - osint_nexus.retry - WARNING - Attempt 1/3 failed: 'HumanMimicryEngine' object has no attribute 'apply_jitter'. Retrying in 0.73s...
2026-07-17 20:52:20,442 - osint_nexus.retry - ERROR - All 3 retries exhausted. Last error: 'HumanMimicryEngine' object has no attribute 'apply_jitter'
2026-07-17 20:52:20,443 - osint_nexus.orchestrator - ERROR - Scan failure in StackOverflow: 'HumanMimicryEngine' object has no attribute 'apply_jitter'
Traceback (most recent call last):
  File "/data/data/com.termux/files/home/osint-nexus/osint_nexus/core/orchestrator.py", line 104, in _execute_provider
    raw_found, content = await provider.check_username(
                         ^^^^^^^^^^^^^^^^^^^^^^^^^^^^^^
    ...<4 lines>...
    )
    ^
  File "/data/data/com.termux/files/home/osint-nexus/osint_nexus/providers/generic.py", line 37, in check_username
    return await self.network.fetch(url)
           ^^^^^^^^^^^^^^^^^^^^^^^^^^^^^
  File "/data/data/com.termux/files/home/osint-nexus/osint_nexus/utils/network.py", line 107, in fetch
    return await self.retry.run(_attempt)
           ^^^^^^^^^^^^^^^^^^^^^^^^^^^^^^
  File "/data/data/com.termux/files/home/osint-nexus/osint_nexus/utils/retry.py", line 67, in run
    return await func(*args, **kwargs)
           ^^^^^^^^^^^^^^^^^^^^^^^^^^^
  File "/data/data/com.termux/files/home/osint-nexus/osint_nexus/utils/network.py", line 85, in _attempt
    await self.mimicry.apply_jitter()
          ^^^^^^^^^^^^^^^^^^^^^^^^^
AttributeError: 'HumanMimicryEngine' object has no attribute 'apply_jitter'
2026-07-17 20:52:20,452 - osint_nexus.retry - WARNING - Attempt 1/3 failed: 'HumanMimicryEngine' object has no attribute 'apply_jitter'. Retrying in 0.42s...
2026-07-17 20:52:20,583 - osint_nexus.retry - WARNING - Attempt 2/3 failed: 'HumanMimicryEngine' object has no attribute 'apply_jitter'. Retrying in 0.83s...
2026-07-17 20:52:20,705 - osint_nexus.retry - ERROR - All 3 retries exhausted. Last error: 'HumanMimicryEngine' object has no attribute 'apply_jitter'
2026-07-17 20:52:20,706 - osint_nexus.orchestrator - ERROR - Scan failure in Rubika: 'HumanMimicryEngine' object has no attribute 'apply_jitter'
Traceback (most recent call last):
  File "/data/data/com.termux/files/home/osint-nexus/osint_nexus/core/orchestrator.py", line 104, in _execute_provider
    raw_found, content = await provider.check_username(
                         ^^^^^^^^^^^^^^^^^^^^^^^^^^^^^^
    ...<4 lines>...
    )
    ^
  File "/data/data/com.termux/files/home/osint-nexus/osint_nexus/providers/generic.py", line 37, in check_username
    return await self.network.fetch(url)
           ^^^^^^^^^^^^^^^^^^^^^^^^^^^^^
  File "/data/data/com.termux/files/home/osint-nexus/osint_nexus/utils/network.py", line 107, in fetch
    return await self.retry.run(_attempt)
           ^^^^^^^^^^^^^^^^^^^^^^^^^^^^^^
  File "/data/data/com.termux/files/home/osint-nexus/osint_nexus/utils/retry.py", line 67, in run
    return await func(*args, **kwargs)
           ^^^^^^^^^^^^^^^^^^^^^^^^^^^
  File "/data/data/com.termux/files/home/osint-nexus/osint_nexus/utils/network.py", line 85, in _attempt
    await self.mimicry.apply_jitter()
          ^^^^^^^^^^^^^^^^^^^^^^^^^
AttributeError: 'HumanMimicryEngine' object has no attribute 'apply_jitter'
2026-07-17 20:52:20,715 - osint_nexus.retry - WARNING - Attempt 1/3 failed: 'HumanMimicryEngine' object has no attribute 'apply_jitter'. Retrying in 0.58s...
2026-07-17 20:52:20,880 - osint_nexus.retry - WARNING - Attempt 2/3 failed: 'HumanMimicryEngine' object has no attribute 'apply_jitter'. Retrying in 1.34s...
2026-07-17 20:52:21,049 - osint_nexus.retry - WARNING - Attempt 2/3 failed: 'HumanMimicryEngine' object has no attribute 'apply_jitter'. Retrying in 1.25s...
2026-07-17 20:52:21,114 - osint_nexus.retry - ERROR - All 3 retries exhausted. Last error: 'HumanMimicryEngine' object has no attribute 'apply_jitter'
2026-07-17 20:52:21,115 - osint_nexus.orchestrator - ERROR - Scan failure in Bale: 'HumanMimicryEngine' object has no attribute 'apply_jitter'
Traceback (most recent call last):
  File "/data/data/com.termux/files/home/osint-nexus/osint_nexus/core/orchestrator.py", line 104, in _execute_provider
    raw_found, content = await provider.check_username(
                         ^^^^^^^^^^^^^^^^^^^^^^^^^^^^^^
    ...<4 lines>...
    )
    ^
  File "/data/data/com.termux/files/home/osint-nexus/osint_nexus/providers/generic.py", line 37, in check_username
    return await self.network.fetch(url)
           ^^^^^^^^^^^^^^^^^^^^^^^^^^^^^
  File "/data/data/com.termux/files/home/osint-nexus/osint_nexus/utils/network.py", line 107, in fetch
    return await self.retry.run(_attempt)
           ^^^^^^^^^^^^^^^^^^^^^^^^^^^^^^
  File "/data/data/com.termux/files/home/osint-nexus/osint_nexus/utils/retry.py", line 67, in run
    return await func(*args, **kwargs)
           ^^^^^^^^^^^^^^^^^^^^^^^^^^^
  File "/data/data/com.termux/files/home/osint-nexus/osint_nexus/utils/network.py", line 85, in _attempt
    await self.mimicry.apply_jitter()
          ^^^^^^^^^^^^^^^^^^^^^^^^^
AttributeError: 'HumanMimicryEngine' object has no attribute 'apply_jitter'
2026-07-17 20:52:21,124 - osint_nexus.retry - WARNING - Attempt 1/3 failed: 'HumanMimicryEngine' object has no attribute 'apply_jitter'. Retrying in 0.63s...
2026-07-17 20:52:21,296 - osint_nexus.retry - WARNING - Attempt 2/3 failed: 'HumanMimicryEngine' object has no attribute 'apply_jitter'. Retrying in 1.46s...
2026-07-17 20:52:21,419 - osint_nexus.retry - ERROR - All 3 retries exhausted. Last error: 'HumanMimicryEngine' object has no attribute 'apply_jitter'
2026-07-17 20:52:21,421 - osint_nexus.orchestrator - ERROR - Scan failure in Eitaa: 'HumanMimicryEngine' object has no attribute 'apply_jitter'
Traceback (most recent call last):
  File "/data/data/com.termux/files/home/osint-nexus/osint_nexus/core/orchestrator.py", line 104, in _execute_provider
    raw_found, content = await provider.check_username(
                         ^^^^^^^^^^^^^^^^^^^^^^^^^^^^^^
    ...<4 lines>...
    )
    ^
  File "/data/data/com.termux/files/home/osint-nexus/osint_nexus/providers/generic.py", line 37, in check_username
    return await self.network.fetch(url)
           ^^^^^^^^^^^^^^^^^^^^^^^^^^^^^
  File "/data/data/com.termux/files/home/osint-nexus/osint_nexus/utils/network.py", line 107, in fetch
    return await self.retry.run(_attempt)
           ^^^^^^^^^^^^^^^^^^^^^^^^^^^^^^
  File "/data/data/com.termux/files/home/osint-nexus/osint_nexus/utils/retry.py", line 67, in run
    return await func(*args, **kwargs)
           ^^^^^^^^^^^^^^^^^^^^^^^^^^^
  File "/data/data/com.termux/files/home/osint-nexus/osint_nexus/utils/network.py", line 85, in _attempt
    await self.mimicry.apply_jitter()
          ^^^^^^^^^^^^^^^^^^^^^^^^^
AttributeError: 'HumanMimicryEngine' object has no attribute 'apply_jitter'
2026-07-17 20:52:21,425 - osint_nexus.retry - WARNING - Attempt 1/3 failed: 'HumanMimicryEngine' object has no attribute 'apply_jitter'. Retrying in 0.73s...
2026-07-17 20:52:21,765 - osint_nexus.retry - WARNING - Attempt 2/3 failed: 'HumanMimicryEngine' object has no attribute 'apply_jitter'. Retrying in 1.14s...
2026-07-17 20:52:22,156 - osint_nexus.retry - WARNING - Attempt 2/3 failed: 'HumanMimicryEngine' object has no attribute 'apply_jitter'. Retrying in 1.37s...
2026-07-17 20:52:22,224 - osint_nexus.retry - ERROR - All 3 retries exhausted. Last error: 'HumanMimicryEngine' object has no attribute 'apply_jitter'
2026-07-17 20:52:22,225 - osint_nexus.orchestrator - ERROR - Scan failure in Shad: 'HumanMimicryEngine' object has no attribute 'apply_jitter'
Traceback (most recent call last):
  File "/data/data/com.termux/files/home/osint-nexus/osint_nexus/core/orchestrator.py", line 104, in _execute_provider
    raw_found, content = await provider.check_username(
                         ^^^^^^^^^^^^^^^^^^^^^^^^^^^^^^
    ...<4 lines>...
    )
    ^
  File "/data/data/com.termux/files/home/osint-nexus/osint_nexus/providers/generic.py", line 37, in check_username
    return await self.network.fetch(url)
           ^^^^^^^^^^^^^^^^^^^^^^^^^^^^^
  File "/data/data/com.termux/files/home/osint-nexus/osint_nexus/utils/network.py", line 107, in fetch
    return await self.retry.run(_attempt)
           ^^^^^^^^^^^^^^^^^^^^^^^^^^^^^^
  File "/data/data/com.termux/files/home/osint-nexus/osint_nexus/utils/retry.py", line 67, in run
    return await func(*args, **kwargs)
           ^^^^^^^^^^^^^^^^^^^^^^^^^^^
  File "/data/data/com.termux/files/home/osint-nexus/osint_nexus/utils/network.py", line 85, in _attempt
    await self.mimicry.apply_jitter()
          ^^^^^^^^^^^^^^^^^^^^^^^^^
AttributeError: 'HumanMimicryEngine' object has no attribute 'apply_jitter'
2026-07-17 20:52:22,234 - osint_nexus.retry - WARNING - Attempt 1/3 failed: 'HumanMimicryEngine' object has no attribute 'apply_jitter'. Retrying in 0.51s...
2026-07-17 20:52:22,308 - osint_nexus.retry - ERROR - All 3 retries exhausted. Last error: 'HumanMimicryEngine' object has no attribute 'apply_jitter'
2026-07-17 20:52:22,315 - osint_nexus.orchestrator - ERROR - Scan failure in Soroush+: 'HumanMimicryEngine' object has no attribute 'apply_jitter'
Traceback (most recent call last):
  File "/data/data/com.termux/files/home/osint-nexus/osint_nexus/core/orchestrator.py", line 104, in _execute_provider
    raw_found, content = await provider.check_username(
                         ^^^^^^^^^^^^^^^^^^^^^^^^^^^^^^
    ...<4 lines>...
    )
    ^
  File "/data/data/com.termux/files/home/osint-nexus/osint_nexus/providers/generic.py", line 37, in check_username
    return await self.network.fetch(url)
           ^^^^^^^^^^^^^^^^^^^^^^^^^^^^^
  File "/data/data/com.termux/files/home/osint-nexus/osint_nexus/utils/network.py", line 107, in fetch
    return await self.retry.run(_attempt)
           ^^^^^^^^^^^^^^^^^^^^^^^^^^^^^^
  File "/data/data/com.termux/files/home/osint-nexus/osint_nexus/utils/retry.py", line 67, in run
    return await func(*args, **kwargs)
           ^^^^^^^^^^^^^^^^^^^^^^^^^^^
  File "/data/data/com.termux/files/home/osint-nexus/osint_nexus/utils/network.py", line 85, in _attempt
    await self.mimicry.apply_jitter()
          ^^^^^^^^^^^^^^^^^^^^^^^^^
AttributeError: 'HumanMimicryEngine' object has no attribute 'apply_jitter'
2026-07-17 20:52:22,337 - osint_nexus.retry - WARNING - Attempt 1/3 failed: 'HumanMimicryEngine' object has no attribute 'apply_jitter'. Retrying in 0.30s...
2026-07-17 20:52:22,644 - osint_nexus.retry - WARNING - Attempt 2/3 failed: 'HumanMimicryEngine' object has no attribute 'apply_jitter'. Retrying in 0.60s...
2026-07-17 20:52:22,749 - osint_nexus.retry - WARNING - Attempt 2/3 failed: 'HumanMimicryEngine' object has no attribute 'apply_jitter'. Retrying in 1.20s...
2026-07-17 20:52:22,759 - osint_nexus.retry - ERROR - All 3 retries exhausted. Last error: 'HumanMimicryEngine' object has no attribute 'apply_jitter'
2026-07-17 20:52:22,760 - osint_nexus.orchestrator - ERROR - Scan failure in Gap: 'HumanMimicryEngine' object has no attribute 'apply_jitter'
Traceback (most recent call last):
  File "/data/data/com.termux/files/home/osint-nexus/osint_nexus/core/orchestrator.py", line 104, in _execute_provider
    raw_found, content = await provider.check_username(
                         ^^^^^^^^^^^^^^^^^^^^^^^^^^^^^^
    ...<4 lines>...
    )
    ^
  File "/data/data/com.termux/files/home/osint-nexus/osint_nexus/providers/generic.py", line 37, in check_username
    return await self.network.fetch(url)
           ^^^^^^^^^^^^^^^^^^^^^^^^^^^^^
  File "/data/data/com.termux/files/home/osint-nexus/osint_nexus/utils/network.py", line 107, in fetch
    return await self.retry.run(_attempt)
           ^^^^^^^^^^^^^^^^^^^^^^^^^^^^^^
  File "/data/data/com.termux/files/home/osint-nexus/osint_nexus/utils/retry.py", line 67, in run
    return await func(*args, **kwargs)
           ^^^^^^^^^^^^^^^^^^^^^^^^^^^
  File "/data/data/com.termux/files/home/osint-nexus/osint_nexus/utils/network.py", line 85, in _attempt
    await self.mimicry.apply_jitter()
          ^^^^^^^^^^^^^^^^^^^^^^^^^
AttributeError: 'HumanMimicryEngine' object has no attribute 'apply_jitter'
2026-07-17 20:52:22,766 - osint_nexus.retry - WARNING - Attempt 1/3 failed: 'HumanMimicryEngine' object has no attribute 'apply_jitter'. Retrying in 0.38s...
2026-07-17 20:52:22,907 - osint_nexus.retry - ERROR - All 3 retries exhausted. Last error: 'HumanMimicryEngine' object has no attribute 'apply_jitter'
2026-07-17 20:52:22,908 - osint_nexus.orchestrator - ERROR - Scan failure in IGap: 'HumanMimicryEngine' object has no attribute 'apply_jitter'
Traceback (most recent call last):
  File "/data/data/com.termux/files/home/osint-nexus/osint_nexus/core/orchestrator.py", line 104, in _execute_provider
    raw_found, content = await provider.check_username(
                         ^^^^^^^^^^^^^^^^^^^^^^^^^^^^^^
    ...<4 lines>...
    )
    ^
  File "/data/data/com.termux/files/home/osint-nexus/osint_nexus/providers/generic.py", line 37, in check_username
    return await self.network.fetch(url)
           ^^^^^^^^^^^^^^^^^^^^^^^^^^^^^
  File "/data/data/com.termux/files/home/osint-nexus/osint_nexus/utils/network.py", line 107, in fetch
    return await self.retry.run(_attempt)
           ^^^^^^^^^^^^^^^^^^^^^^^^^^^^^^
  File "/data/data/com.termux/files/home/osint-nexus/osint_nexus/utils/retry.py", line 67, in run
    return await func(*args, **kwargs)
           ^^^^^^^^^^^^^^^^^^^^^^^^^^^
  File "/data/data/com.termux/files/home/osint-nexus/osint_nexus/utils/network.py", line 85, in _attempt
    await self.mimicry.apply_jitter()
          ^^^^^^^^^^^^^^^^^^^^^^^^^
AttributeError: 'HumanMimicryEngine' object has no attribute 'apply_jitter'
2026-07-17 20:52:23,148 - osint_nexus.retry - WARNING - Attempt 2/3 failed: 'HumanMimicryEngine' object has no attribute 'apply_jitter'. Retrying in 0.81s...
2026-07-17 20:52:23,247 - osint_nexus.retry - ERROR - All 3 retries exhausted. Last error: 'HumanMimicryEngine' object has no attribute 'apply_jitter'
2026-07-17 20:52:23,248 - osint_nexus.orchestrator - ERROR - Scan failure in GitHub: 'HumanMimicryEngine' object has no attribute 'apply_jitter'
Traceback (most recent call last):
  File "/data/data/com.termux/files/home/osint-nexus/osint_nexus/core/orchestrator.py", line 104, in _execute_provider
    raw_found, content = await provider.check_username(
                         ^^^^^^^^^^^^^^^^^^^^^^^^^^^^^^
    ...<4 lines>...
    )
    ^
  File "/data/data/com.termux/files/home/osint-nexus/osint_nexus/providers/github.py", line 15, in check_username
    found, content = await self.network.fetch(url)
                     ^^^^^^^^^^^^^^^^^^^^^^^^^^^^^
  File "/data/data/com.termux/files/home/osint-nexus/osint_nexus/utils/network.py", line 107, in fetch
    return await self.retry.run(_attempt)
           ^^^^^^^^^^^^^^^^^^^^^^^^^^^^^^
  File "/data/data/com.termux/files/home/osint-nexus/osint_nexus/utils/retry.py", line 67, in run
    return await func(*args, **kwargs)
           ^^^^^^^^^^^^^^^^^^^^^^^^^^^
  File "/data/data/com.termux/files/home/osint-nexus/osint_nexus/utils/network.py", line 85, in _attempt
    await self.mimicry.apply_jitter()
          ^^^^^^^^^^^^^^^^^^^^^^^^^
AttributeError: 'HumanMimicryEngine' object has no attribute 'apply_jitter'
2026-07-17 20:52:23,528 - osint_nexus.retry - ERROR - All 3 retries exhausted. Last error: 'HumanMimicryEngine' object has no attribute 'apply_jitter'
2026-07-17 20:52:23,529 - osint_nexus.orchestrator - ERROR - Scan failure in Virasty: 'HumanMimicryEngine' object has no attribute 'apply_jitter'
Traceback (most recent call last):
  File "/data/data/com.termux/files/home/osint-nexus/osint_nexus/core/orchestrator.py", line 104, in _execute_provider
    raw_found, content = await provider.check_username(
                         ^^^^^^^^^^^^^^^^^^^^^^^^^^^^^^
    ...<4 lines>...
    )
    ^
  File "/data/data/com.termux/files/home/osint-nexus/osint_nexus/providers/generic.py", line 37, in check_username
    return await self.network.fetch(url)
           ^^^^^^^^^^^^^^^^^^^^^^^^^^^^^
  File "/data/data/com.termux/files/home/osint-nexus/osint_nexus/utils/network.py", line 107, in fetch
    return await self.retry.run(_attempt)
           ^^^^^^^^^^^^^^^^^^^^^^^^^^^^^^
  File "/data/data/com.termux/files/home/osint-nexus/osint_nexus/utils/retry.py", line 67, in run
    return await func(*args, **kwargs)
           ^^^^^^^^^^^^^^^^^^^^^^^^^^^
  File "/data/data/com.termux/files/home/osint-nexus/osint_nexus/utils/network.py", line 85, in _attempt
    await self.mimicry.apply_jitter()
          ^^^^^^^^^^^^^^^^^^^^^^^^^
AttributeError: 'HumanMimicryEngine' object has no attribute 'apply_jitter'
2026-07-17 20:52:23,952 - osint_nexus.retry - ERROR - All 3 retries exhausted. Last error: 'HumanMimicryEngine' object has no attribute 'apply_jitter'
2026-07-17 20:52:23,953 - osint_nexus.orchestrator - ERROR - Scan failure in Nashenas: 'HumanMimicryEngine' object has no attribute 'apply_jitter'
Traceback (most recent call last):
  File "/data/data/com.termux/files/home/osint-nexus/osint_nexus/core/orchestrator.py", line 104, in _execute_provider
    raw_found, content = await provider.check_username(
                         ^^^^^^^^^^^^^^^^^^^^^^^^^^^^^^
    ...<4 lines>...
    )
    ^
  File "/data/data/com.termux/files/home/osint-nexus/osint_nexus/providers/generic.py", line 37, in check_username
    return await self.network.fetch(url)
           ^^^^^^^^^^^^^^^^^^^^^^^^^^^^^
  File "/data/data/com.termux/files/home/osint-nexus/osint_nexus/utils/network.py", line 107, in fetch
    return await self.retry.run(_attempt)
           ^^^^^^^^^^^^^^^^^^^^^^^^^^^^^^
  File "/data/data/com.termux/files/home/osint-nexus/osint_nexus/utils/retry.py", line 67, in run
    return await func(*args, **kwargs)
           ^^^^^^^^^^^^^^^^^^^^^^^^^^^
  File "/data/data/com.termux/files/home/osint-nexus/osint_nexus/utils/network.py", line 85, in _attempt
    await self.mimicry.apply_jitter()
          ^^^^^^^^^^^^^^^^^^^^^^^^^
AttributeError: 'HumanMimicryEngine' object has no attribute 'apply_jitter'
2026-07-17 20:52:23,962 - osint_nexus.retry - ERROR - All 3 retries exhausted. Last error: 'HumanMimicryEngine' object has no attribute 'apply_jitter'
2026-07-17 20:52:23,963 - osint_nexus.orchestrator - ERROR - Scan failure in Aparat: 'HumanMimicryEngine' object has no attribute 'apply_jitter'
Traceback (most recent call last):
  File "/data/data/com.termux/files/home/osint-nexus/osint_nexus/core/orchestrator.py", line 104, in _execute_provider
    raw_found, content = await provider.check_username(
                         ^^^^^^^^^^^^^^^^^^^^^^^^^^^^^^
    ...<4 lines>...
    )
    ^
  File "/data/data/com.termux/files/home/osint-nexus/osint_nexus/providers/aparat.py", line 13, in check_username
    return await self.network.fetch(url)
           ^^^^^^^^^^^^^^^^^^^^^^^^^^^^^
  File "/data/data/com.termux/files/home/osint-nexus/osint_nexus/utils/network.py", line 107, in fetch
    return await self.retry.run(_attempt)
           ^^^^^^^^^^^^^^^^^^^^^^^^^^^^^^
  File "/data/data/com.termux/files/home/osint-nexus/osint_nexus/utils/retry.py", line 67, in run
    return await func(*args, **kwargs)
           ^^^^^^^^^^^^^^^^^^^^^^^^^^^
  File "/data/data/com.termux/files/home/osint-nexus/osint_nexus/utils/network.py", line 85, in _attempt
    await self.mimicry.apply_jitter()
          ^^^^^^^^^^^^^^^^^^^^^^^^^
AttributeError: 'HumanMimicryEngine' object has no attribute 'apply_jitter'
2026-07-17 20:55:12,226 - osint_nexus.validator - INFO - Validator initialised for 'testuser' with 3 rules
2026-07-17 20:55:12,228 - osint_nexus.validator - INFO - Validator initialised for 'testuser' with 3 rules
2026-07-17 20:56:09,976 - osint_nexus.validator - INFO - Validator initialised for 'testuser' with 3 rules
2026-07-17 20:56:09,977 - osint_nexus.hierarchy - INFO - Subsystem 'evasion' registered.
2026-07-17 20:56:09,977 - osint_nexus.hierarchy - INFO - Subsystem 'network' registered.
2026-07-17 20:56:09,977 - osint_nexus.hierarchy - INFO - Subsystem 'fingerprint' registered.
2026-07-17 20:56:09,979 - osint_nexus - INFO - Agent starting scan for: testuser
2026-07-17 20:56:09,982 - osint_nexus.device_inference - ERROR - Data parsing error during device inference: expected string or bytes-like object, got 'MagicMock'
2026-07-17 20:56:09,998 - osint_nexus.validator - INFO - Validator initialised for 'testuser' with 3 rules
2026-07-17 20:56:10,000 - osint_nexus.validator - INFO - Validator initialised for 'testuser' with 3 rules
2026-07-17 20:59:39,335 - osint_nexus.validator - INFO - Validator initialised for 'missminu' with 3 rules
2026-07-17 20:59:39,335 - osint_nexus.hierarchy - INFO - Subsystem 'evasion' registered.
2026-07-17 20:59:39,336 - osint_nexus.hierarchy - INFO - Subsystem 'network' registered.
2026-07-17 20:59:39,336 - osint_nexus.hierarchy - INFO - Subsystem 'fingerprint' registered.
2026-07-17 20:59:39,353 - osint_nexus - INFO - Agent starting scan for: missminu
2026-07-17 20:59:39,558 - osint_nexus.network - ERROR - Request failed: Impersonating firefox121 is not supported
2026-07-17 20:59:39,559 - osint_nexus.retry - WARNING - Attempt 1/3 failed: Impersonating firefox121 is not supported. Retrying in 0.29s...
2026-07-17 20:59:41,450 - osint_nexus.orchestrator - ERROR - Scan failure in Telegram: 'GenericProvider' object has no attribute 'get_metadata'
Traceback (most recent call last):
  File "/data/data/com.termux/files/home/osint-nexus/osint_nexus/core/orchestrator.py", line 116, in _execute_provider
    profile = self.device_inference.infer(str(content), provider.get_metadata(username))
                                                        ^^^^^^^^^^^^^^^^^^^^^
AttributeError: 'GenericProvider' object has no attribute 'get_metadata'
2026-07-17 20:59:41,701 - osint_nexus.orchestrator - ERROR - Scan failure in Instagram: 'GenericProvider' object has no attribute 'get_metadata'
Traceback (most recent call last):
  File "/data/data/com.termux/files/home/osint-nexus/osint_nexus/core/orchestrator.py", line 116, in _execute_provider
    profile = self.device_inference.infer(str(content), provider.get_metadata(username))
                                                        ^^^^^^^^^^^^^^^^^^^^^
AttributeError: 'GenericProvider' object has no attribute 'get_metadata'
2026-07-17 20:59:41,930 - osint_nexus.orchestrator - ERROR - Scan failure in Facebook: 'GenericProvider' object has no attribute 'get_metadata'
Traceback (most recent call last):
  File "/data/data/com.termux/files/home/osint-nexus/osint_nexus/core/orchestrator.py", line 116, in _execute_provider
    profile = self.device_inference.infer(str(content), provider.get_metadata(username))
                                                        ^^^^^^^^^^^^^^^^^^^^^
AttributeError: 'GenericProvider' object has no attribute 'get_metadata'
2026-07-17 20:59:42,161 - osint_nexus.orchestrator - ERROR - Scan failure in X: 'GenericProvider' object has no attribute 'get_metadata'
Traceback (most recent call last):
  File "/data/data/com.termux/files/home/osint-nexus/osint_nexus/core/orchestrator.py", line 116, in _execute_provider
    profile = self.device_inference.infer(str(content), provider.get_metadata(username))
                                                        ^^^^^^^^^^^^^^^^^^^^^
AttributeError: 'GenericProvider' object has no attribute 'get_metadata'
2026-07-17 20:59:43,412 - osint_nexus.orchestrator - ERROR - Scan failure in TikTok: 'GenericProvider' object has no attribute 'get_metadata'
Traceback (most recent call last):
  File "/data/data/com.termux/files/home/osint-nexus/osint_nexus/core/orchestrator.py", line 116, in _execute_provider
    profile = self.device_inference.infer(str(content), provider.get_metadata(username))
                                                        ^^^^^^^^^^^^^^^^^^^^^
AttributeError: 'GenericProvider' object has no attribute 'get_metadata'
2026-07-17 20:59:43,902 - osint_nexus.orchestrator - ERROR - Scan failure in Snapchat: 'GenericProvider' object has no attribute 'get_metadata'
Traceback (most recent call last):
  File "/data/data/com.termux/files/home/osint-nexus/osint_nexus/core/orchestrator.py", line 116, in _execute_provider
    profile = self.device_inference.infer(str(content), provider.get_metadata(username))
                                                        ^^^^^^^^^^^^^^^^^^^^^
AttributeError: 'GenericProvider' object has no attribute 'get_metadata'
2026-07-17 20:59:44,080 - osint_nexus.orchestrator - ERROR - Scan failure in Threads: 'GenericProvider' object has no attribute 'get_metadata'
Traceback (most recent call last):
  File "/data/data/com.termux/files/home/osint-nexus/osint_nexus/core/orchestrator.py", line 116, in _execute_provider
    profile = self.device_inference.infer(str(content), provider.get_metadata(username))
                                                        ^^^^^^^^^^^^^^^^^^^^^
AttributeError: 'GenericProvider' object has no attribute 'get_metadata'
2026-07-17 20:59:44,900 - osint_nexus.orchestrator - ERROR - Scan failure in Reddit: 'GenericProvider' object has no attribute 'get_metadata'
Traceback (most recent call last):
  File "/data/data/com.termux/files/home/osint-nexus/osint_nexus/core/orchestrator.py", line 116, in _execute_provider
    profile = self.device_inference.infer(str(content), provider.get_metadata(username))
                                                        ^^^^^^^^^^^^^^^^^^^^^
AttributeError: 'GenericProvider' object has no attribute 'get_metadata'
2026-07-17 20:59:45,553 - osint_nexus.orchestrator - ERROR - Scan failure in Medium: 'GenericProvider' object has no attribute 'get_metadata'
Traceback (most recent call last):
  File "/data/data/com.termux/files/home/osint-nexus/osint_nexus/core/orchestrator.py", line 116, in _execute_provider
    profile = self.device_inference.infer(str(content), provider.get_metadata(username))
                                                        ^^^^^^^^^^^^^^^^^^^^^
AttributeError: 'GenericProvider' object has no attribute 'get_metadata'
2026-07-17 20:59:45,818 - osint_nexus.orchestrator - ERROR - Scan failure in Pinterest: 'GenericProvider' object has no attribute 'get_metadata'
Traceback (most recent call last):
  File "/data/data/com.termux/files/home/osint-nexus/osint_nexus/core/orchestrator.py", line 116, in _execute_provider
    profile = self.device_inference.infer(str(content), provider.get_metadata(username))
                                                        ^^^^^^^^^^^^^^^^^^^^^
AttributeError: 'GenericProvider' object has no attribute 'get_metadata'
2026-07-17 20:59:45,843 - osint_nexus.network - WARNING - Protective status code 403 detected.
2026-07-17 20:59:45,843 - osint_nexus.evasion - WARNING - Rotating proxy due to status 403
2026-07-17 20:59:47,429 - osint_nexus.orchestrator - ERROR - Scan failure in Eitaa: 'GenericProvider' object has no attribute 'get_metadata'
Traceback (most recent call last):
  File "/data/data/com.termux/files/home/osint-nexus/osint_nexus/core/orchestrator.py", line 116, in _execute_provider
    profile = self.device_inference.infer(str(content), provider.get_metadata(username))
                                                        ^^^^^^^^^^^^^^^^^^^^^
AttributeError: 'GenericProvider' object has no attribute 'get_metadata'
2026-07-17 20:59:47,488 - osint_nexus.orchestrator - ERROR - Scan failure in Soroush+: 'GenericProvider' object has no attribute 'get_metadata'
Traceback (most recent call last):
  File "/data/data/com.termux/files/home/osint-nexus/osint_nexus/core/orchestrator.py", line 116, in _execute_provider
    profile = self.device_inference.infer(str(content), provider.get_metadata(username))
                                                        ^^^^^^^^^^^^^^^^^^^^^
AttributeError: 'GenericProvider' object has no attribute 'get_metadata'
2026-07-17 20:59:50,151 - osint_nexus.orchestrator - ERROR - Scan failure in GitHub: 'GitHubProvider' object has no attribute 'get_metadata'
Traceback (most recent call last):
  File "/data/data/com.termux/files/home/osint-nexus/osint_nexus/core/orchestrator.py", line 116, in _execute_provider
    profile = self.device_inference.infer(str(content), provider.get_metadata(username))
                                                        ^^^^^^^^^^^^^^^^^^^^^
AttributeError: 'GitHubProvider' object has no attribute 'get_metadata'
2026-07-17 20:59:56,585 - osint_nexus.network - ERROR - Request failed: Failed to perform, curl: (28) Connection timed out after 10002 milliseconds. See https://curl.se/libcurl/c/libcurl-errors.html first for more details.
2026-07-17 20:59:56,586 - osint_nexus.retry - WARNING - Attempt 1/3 failed: Failed to perform, curl: (28) Connection timed out after 10002 milliseconds. See https://curl.se/libcurl/c/libcurl-errors.html first for more details.. Retrying in 0.74s...
2026-07-17 21:01:06,906 - osint_nexus.validator - INFO - Validator initialised for 'missminu' with 3 rules
2026-07-17 21:01:06,907 - osint_nexus.hierarchy - INFO - Subsystem 'evasion' registered.
2026-07-17 21:01:06,907 - osint_nexus.hierarchy - INFO - Subsystem 'network' registered.
2026-07-17 21:01:06,907 - osint_nexus.hierarchy - INFO - Subsystem 'fingerprint' registered.
2026-07-17 21:01:06,921 - osint_nexus - INFO - Agent starting scan for: missminu
2026-07-17 21:01:07,108 - osint_nexus.network - ERROR - Request failed: Impersonating firefox121 is not supported
2026-07-17 21:01:07,109 - osint_nexus.retry - WARNING - Attempt 1/3 failed: Impersonating firefox121 is not supported. Retrying in 0.70s...
2026-07-17 21:01:07,121 - osint_nexus.network - ERROR - Request failed: Impersonating firefox121 is not supported
2026-07-17 21:01:07,122 - osint_nexus.retry - WARNING - Attempt 1/3 failed: Impersonating firefox121 is not supported. Retrying in 0.56s...
2026-07-17 21:01:07,206 - osint_nexus.network - ERROR - Request failed: Impersonating edge110 is not supported
2026-07-17 21:01:07,206 - osint_nexus.retry - WARNING - Attempt 1/3 failed: Impersonating edge110 is not supported. Retrying in 0.41s...
2026-07-17 21:01:08,508 - osint_nexus.orchestrator - ERROR - Scan failure in Telegram: 'GenericProvider' object has no attribute 'get_metadata'
Traceback (most recent call last):
  File "/data/data/com.termux/files/home/osint-nexus/osint_nexus/core/orchestrator.py", line 116, in _execute_provider
    profile = self.device_inference.infer(str(content), provider.get_metadata(username))
                                                        ^^^^^^^^^^^^^^^^^^^^^
AttributeError: 'GenericProvider' object has no attribute 'get_metadata'
2026-07-17 21:01:09,253 - osint_nexus.orchestrator - ERROR - Scan failure in Facebook: 'GenericProvider' object has no attribute 'get_metadata'
Traceback (most recent call last):
  File "/data/data/com.termux/files/home/osint-nexus/osint_nexus/core/orchestrator.py", line 116, in _execute_provider
    profile = self.device_inference.infer(str(content), provider.get_metadata(username))
                                                        ^^^^^^^^^^^^^^^^^^^^^
AttributeError: 'GenericProvider' object has no attribute 'get_metadata'
2026-07-17 21:01:09,421 - osint_nexus.orchestrator - ERROR - Scan failure in Instagram: 'GenericProvider' object has no attribute 'get_metadata'
Traceback (most recent call last):
  File "/data/data/com.termux/files/home/osint-nexus/osint_nexus/core/orchestrator.py", line 116, in _execute_provider
    profile = self.device_inference.infer(str(content), provider.get_metadata(username))
                                                        ^^^^^^^^^^^^^^^^^^^^^
AttributeError: 'GenericProvider' object has no attribute 'get_metadata'
2026-07-17 21:01:09,671 - osint_nexus.orchestrator - ERROR - Scan failure in X: 'GenericProvider' object has no attribute 'get_metadata'
Traceback (most recent call last):
  File "/data/data/com.termux/files/home/osint-nexus/osint_nexus/core/orchestrator.py", line 116, in _execute_provider
    profile = self.device_inference.infer(str(content), provider.get_metadata(username))
                                                        ^^^^^^^^^^^^^^^^^^^^^
AttributeError: 'GenericProvider' object has no attribute 'get_metadata'
2026-07-17 21:01:11,123 - osint_nexus.orchestrator - ERROR - Scan failure in TikTok: 'GenericProvider' object has no attribute 'get_metadata'
Traceback (most recent call last):
  File "/data/data/com.termux/files/home/osint-nexus/osint_nexus/core/orchestrator.py", line 116, in _execute_provider
    profile = self.device_inference.infer(str(content), provider.get_metadata(username))
                                                        ^^^^^^^^^^^^^^^^^^^^^
AttributeError: 'GenericProvider' object has no attribute 'get_metadata'
2026-07-17 21:01:11,207 - osint_nexus.network - WARNING - Protective status code 403 detected.
2026-07-17 21:01:11,208 - osint_nexus.evasion - WARNING - Rotating proxy due to status 403
2026-07-17 21:01:11,302 - osint_nexus.orchestrator - ERROR - Scan failure in Snapchat: 'GenericProvider' object has no attribute 'get_metadata'
Traceback (most recent call last):
  File "/data/data/com.termux/files/home/osint-nexus/osint_nexus/core/orchestrator.py", line 116, in _execute_provider
    profile = self.device_inference.infer(str(content), provider.get_metadata(username))
                                                        ^^^^^^^^^^^^^^^^^^^^^
AttributeError: 'GenericProvider' object has no attribute 'get_metadata'
2026-07-17 21:01:12,203 - osint_nexus.orchestrator - ERROR - Scan failure in Twitch: 'GenericProvider' object has no attribute 'get_metadata'
Traceback (most recent call last):
  File "/data/data/com.termux/files/home/osint-nexus/osint_nexus/core/orchestrator.py", line 116, in _execute_provider
    profile = self.device_inference.infer(str(content), provider.get_metadata(username))
                                                        ^^^^^^^^^^^^^^^^^^^^^
AttributeError: 'GenericProvider' object has no attribute 'get_metadata'
2026-07-17 21:01:12,599 - osint_nexus.orchestrator - ERROR - Scan failure in Medium: 'GenericProvider' object has no attribute 'get_metadata'
Traceback (most recent call last):
  File "/data/data/com.termux/files/home/osint-nexus/osint_nexus/core/orchestrator.py", line 116, in _execute_provider
    profile = self.device_inference.infer(str(content), provider.get_metadata(username))
                                                        ^^^^^^^^^^^^^^^^^^^^^
AttributeError: 'GenericProvider' object has no attribute 'get_metadata'
2026-07-17 21:01:12,659 - osint_nexus.network - WARNING - Protective status code 403 detected.
2026-07-17 21:01:12,659 - osint_nexus.evasion - WARNING - Rotating proxy due to status 403
2026-07-17 21:01:12,830 - osint_nexus.network - ERROR - Request failed: Impersonating edge110 is not supported
2026-07-17 21:01:12,831 - osint_nexus.retry - WARNING - Attempt 1/3 failed: Impersonating edge110 is not supported. Retrying in 0.41s...
2026-07-17 21:01:12,963 - osint_nexus.network - ERROR - Request failed: Impersonating firefox121 is not supported
2026-07-17 21:01:12,964 - osint_nexus.retry - WARNING - Attempt 1/3 failed: Impersonating firefox121 is not supported. Retrying in 0.28s...
2026-07-17 21:01:13,274 - osint_nexus.orchestrator - ERROR - Scan failure in Threads: 'GenericProvider' object has no attribute 'get_metadata'
Traceback (most recent call last):
  File "/data/data/com.termux/files/home/osint-nexus/osint_nexus/core/orchestrator.py", line 116, in _execute_provider
    profile = self.device_inference.infer(str(content), provider.get_metadata(username))
                                                        ^^^^^^^^^^^^^^^^^^^^^
AttributeError: 'GenericProvider' object has no attribute 'get_metadata'
2026-07-17 21:01:13,419 - osint_nexus.network - ERROR - Request failed: Impersonating firefox121 is not supported
2026-07-17 21:01:13,420 - osint_nexus.retry - WARNING - Attempt 2/3 failed: Impersonating firefox121 is not supported. Retrying in 1.00s...
2026-07-17 21:01:14,421 - osint_nexus.orchestrator - ERROR - Scan failure in Eitaa: 'GenericProvider' object has no attribute 'get_metadata'
Traceback (most recent call last):
  File "/data/data/com.termux/files/home/osint-nexus/osint_nexus/core/orchestrator.py", line 116, in _execute_provider
    profile = self.device_inference.infer(str(content), provider.get_metadata(username))
                                                        ^^^^^^^^^^^^^^^^^^^^^
AttributeError: 'GenericProvider' object has no attribute 'get_metadata'
2026-07-17 21:01:14,630 - osint_nexus.orchestrator - ERROR - Scan failure in Soroush+: 'GenericProvider' object has no attribute 'get_metadata'
Traceback (most recent call last):
  File "/data/data/com.termux/files/home/osint-nexus/osint_nexus/core/orchestrator.py", line 116, in _execute_provider
    profile = self.device_inference.infer(str(content), provider.get_metadata(username))
                                                        ^^^^^^^^^^^^^^^^^^^^^
AttributeError: 'GenericProvider' object has no attribute 'get_metadata'
2026-07-17 21:01:15,054 - osint_nexus.orchestrator - ERROR - Scan failure in Pinterest: 'GenericProvider' object has no attribute 'get_metadata'
Traceback (most recent call last):
  File "/data/data/com.termux/files/home/osint-nexus/osint_nexus/core/orchestrator.py", line 116, in _execute_provider
    profile = self.device_inference.infer(str(content), provider.get_metadata(username))
                                                        ^^^^^^^^^^^^^^^^^^^^^
AttributeError: 'GenericProvider' object has no attribute 'get_metadata'
2026-07-17 21:01:17,351 - osint_nexus.orchestrator - ERROR - Scan failure in GitHub: 'GitHubProvider' object has no attribute 'get_metadata'
Traceback (most recent call last):
  File "/data/data/com.termux/files/home/osint-nexus/osint_nexus/core/orchestrator.py", line 116, in _execute_provider
    profile = self.device_inference.infer(str(content), provider.get_metadata(username))
                                                        ^^^^^^^^^^^^^^^^^^^^^
AttributeError: 'GitHubProvider' object has no attribute 'get_metadata'
2026-07-17 21:01:24,750 - osint_nexus.network - ERROR - Request failed: Failed to perform, curl: (28) Connection timed out after 10000 milliseconds. See https://curl.se/libcurl/c/libcurl-errors.html first for more details.
2026-07-17 21:01:24,752 - osint_nexus.retry - WARNING - Attempt 1/3 failed: Failed to perform, curl: (28) Connection timed out after 10000 milliseconds. See https://curl.se/libcurl/c/libcurl-errors.html first for more details.. Retrying in 0.59s...
2026-07-17 21:01:25,729 - osint_nexus.network - ERROR - Request failed: Impersonating firefox121 is not supported
2026-07-17 21:01:25,730 - osint_nexus.retry - WARNING - Attempt 2/3 failed: Impersonating firefox121 is not supported. Retrying in 1.27s...
2026-07-17 21:03:16,323 - osint_nexus.validator - INFO - Validator initialised for 'missminu' with 3 rules
2026-07-17 21:03:16,325 - osint_nexus.hierarchy - INFO - Subsystem 'evasion' registered.
2026-07-17 21:03:16,326 - osint_nexus.hierarchy - INFO - Subsystem 'network' registered.
2026-07-17 21:03:16,326 - osint_nexus.hierarchy - INFO - Subsystem 'fingerprint' registered.
2026-07-17 21:03:16,392 - osint_nexus - INFO - Agent starting scan for: missminu
2026-07-17 21:03:16,688 - osint_nexus.network - ERROR - Request failed: Impersonating edge110 is not supported
2026-07-17 21:03:16,689 - osint_nexus.retry - WARNING - Attempt 1/3 failed: Impersonating edge110 is not supported. Retrying in 0.31s...
2026-07-17 21:03:18,506 - osint_nexus.orchestrator - ERROR - Scan failure in X: 1 validation error for IntelligenceObject
platform
  String should have at least 2 characters [type=string_too_short, input_value='X', input_type=str]
    For further information visit https://errors.pydantic.dev/2.13/v/string_too_short
Traceback (most recent call last):
  File "/data/data/com.termux/files/home/osint-nexus/osint_nexus/core/orchestrator.py", line 121, in _execute_provider
    intel = IntelligenceObject(
        platform=provider.name,
    ...<5 lines>...
        raw_data=str(content) if final_found else None
    )
  File "/data/data/com.termux/files/usr/lib/python3.14/site-packages/pydantic/main.py", line 263, in __init__
    validated_self = self.__pydantic_validator__.validate_python(data, self_instance=self)
pydantic_core._pydantic_core.ValidationError: 1 validation error for IntelligenceObject
platform
  String should have at least 2 characters [type=string_too_short, input_value='X', input_type=str]
    For further information visit https://errors.pydantic.dev/2.13/v/string_too_short
2026-07-17 21:03:21,931 - osint_nexus.network - WARNING - Protective status code 403 detected.
2026-07-17 21:03:21,932 - osint_nexus.evasion - WARNING - Rotating proxy due to status 403
2026-07-17 21:03:22,129 - osint_nexus.network - ERROR - Request failed: Impersonating edge110 is not supported
2026-07-17 21:03:22,130 - osint_nexus.retry - WARNING - Attempt 1/3 failed: Impersonating edge110 is not supported. Retrying in 0.40s...
2026-07-17 21:03:23,130 - osint_nexus.network - WARNING - Protective status code 403 detected.
2026-07-17 21:03:23,131 - osint_nexus.evasion - WARNING - Rotating proxy due to status 403
2026-07-17 21:03:23,244 - osint_nexus.network - ERROR - Request failed: Impersonating edge110 is not supported
2026-07-17 21:03:23,245 - osint_nexus.retry - WARNING - Attempt 1/3 failed: Impersonating edge110 is not supported. Retrying in 0.38s...
2026-07-17 21:03:23,663 - osint_nexus.network - WARNING - Protective status code 403 detected.
2026-07-17 21:03:23,665 - osint_nexus.evasion - WARNING - Rotating proxy due to status 403
2026-07-17 21:03:23,671 - osint_nexus.network - ERROR - Request failed: Impersonating edge110 is not supported
2026-07-17 21:03:23,673 - osint_nexus.retry - WARNING - Attempt 1/3 failed: Impersonating edge110 is not supported. Retrying in 0.54s...
2026-07-17 21:03:23,948 - osint_nexus.network - ERROR - Request failed: Impersonating edge110 is not supported
2026-07-17 21:03:23,949 - osint_nexus.retry - WARNING - Attempt 2/3 failed: Impersonating edge110 is not supported. Retrying in 1.28s...
2026-07-17 21:03:26,790 - osint_nexus.network - ERROR - Request failed: Failed to perform, curl: (28) Connection timed out after 10001 milliseconds. See https://curl.se/libcurl/c/libcurl-errors.html first for more details.
2026-07-17 21:03:26,791 - osint_nexus.retry - WARNING - Attempt 1/3 failed: Failed to perform, curl: (28) Connection timed out after 10001 milliseconds. See https://curl.se/libcurl/c/libcurl-errors.html first for more details.. Retrying in 0.61s...
2026-07-17 21:03:34,110 - osint_nexus.network - ERROR - Request failed: Failed to perform, curl: (28) Connection timed out after 10000 milliseconds. See https://curl.se/libcurl/c/libcurl-errors.html first for more details.
2026-07-17 21:03:34,114 - osint_nexus.retry - WARNING - Attempt 1/3 failed: Failed to perform, curl: (28) Connection timed out after 10000 milliseconds. See https://curl.se/libcurl/c/libcurl-errors.html first for more details.. Retrying in 0.73s...
2026-07-17 21:03:38,699 - osint_nexus.confidence - INFO - Confidence: 100.0% (High) | 12 platforms | Base Weight: 71.0
2026-07-17 21:03:45,020 - osint_nexus.validator - INFO - Validator initialised for 'testuser' with 3 rules
2026-07-17 21:03:45,021 - osint_nexus.hierarchy - INFO - Subsystem 'evasion' registered.
2026-07-17 21:03:45,021 - osint_nexus.hierarchy - INFO - Subsystem 'network' registered.
2026-07-17 21:03:45,022 - osint_nexus.hierarchy - INFO - Subsystem 'fingerprint' registered.
2026-07-17 21:03:45,024 - osint_nexus - INFO - Agent starting scan for: testuser
2026-07-17 21:03:45,028 - osint_nexus.device_inference - ERROR - Data parsing error during device inference: expected string or bytes-like object, got 'MagicMock'
2026-07-17 21:03:45,047 - osint_nexus.validator - INFO - Validator initialised for 'testuser' with 3 rules
2026-07-17 21:03:45,050 - osint_nexus.validator - INFO - Validator initialised for 'testuser' with 3 rules
2026-07-17 21:05:26,009 - osint_nexus.validator - INFO - Validator initialised for 'missminu' with 3 rules
2026-07-17 21:05:26,010 - osint_nexus.hierarchy - INFO - Subsystem 'evasion' registered.
2026-07-17 21:05:26,010 - osint_nexus.hierarchy - INFO - Subsystem 'network' registered.
2026-07-17 21:05:26,010 - osint_nexus.hierarchy - INFO - Subsystem 'fingerprint' registered.
2026-07-17 21:05:26,026 - osint_nexus - INFO - Agent starting scan for: missminu
2026-07-17 21:05:26,185 - osint_nexus.network - ERROR - Request failed: Impersonating edge110 is not supported
2026-07-17 21:05:26,185 - osint_nexus.retry - WARNING - Attempt 1/3 failed: Impersonating edge110 is not supported. Retrying in 0.42s...
2026-07-17 21:05:26,203 - osint_nexus.network - ERROR - Request failed: Impersonating edge110 is not supported
2026-07-17 21:05:26,203 - osint_nexus.retry - WARNING - Attempt 1/3 failed: Impersonating edge110 is not supported. Retrying in 0.45s...
2026-07-17 21:05:26,455 - osint_nexus.network - ERROR - Request failed: Impersonating edge110 is not supported
2026-07-17 21:05:26,455 - osint_nexus.retry - WARNING - Attempt 1/3 failed: Impersonating edge110 is not supported. Retrying in 0.27s...
2026-07-17 21:05:26,461 - osint_nexus.network - ERROR - Request failed: Impersonating edge110 is not supported
2026-07-17 21:05:26,462 - osint_nexus.retry - WARNING - Attempt 1/3 failed: Impersonating edge110 is not supported. Retrying in 0.71s...
2026-07-17 21:05:26,509 - osint_nexus.network - ERROR - Request failed: Impersonating edge110 is not supported
2026-07-17 21:05:26,510 - osint_nexus.retry - WARNING - Attempt 1/3 failed: Impersonating edge110 is not supported. Retrying in 0.48s...
2026-07-17 21:05:29,589 - osint_nexus.orchestrator - ERROR - Scan failure in X: 1 validation error for IntelligenceObject
platform
  String should have at least 2 characters [type=string_too_short, input_value='X', input_type=str]
    For further information visit https://errors.pydantic.dev/2.13/v/string_too_short
Traceback (most recent call last):
  File "/data/data/com.termux/files/home/osint-nexus/osint_nexus/core/orchestrator.py", line 121, in _execute_provider
    intel = IntelligenceObject(
        platform=provider.name,
    ...<5 lines>...
        raw_data=str(content) if final_found else None
    )
  File "/data/data/com.termux/files/usr/lib/python3.14/site-packages/pydantic/main.py", line 263, in __init__
    validated_self = self.__pydantic_validator__.validate_python(data, self_instance=self)
pydantic_core._pydantic_core.ValidationError: 1 validation error for IntelligenceObject
platform
  String should have at least 2 characters [type=string_too_short, input_value='X', input_type=str]
    For further information visit https://errors.pydantic.dev/2.13/v/string_too_short
2026-07-17 21:05:32,015 - osint_nexus.network - WARNING - Protective status code 403 detected.
2026-07-17 21:05:32,016 - osint_nexus.evasion - WARNING - Rotating proxy due to status 403
2026-07-17 21:05:32,138 - osint_nexus.network - ERROR - Request failed: Impersonating edge110 is not supported
2026-07-17 21:05:32,139 - osint_nexus.retry - WARNING - Attempt 1/3 failed: Impersonating edge110 is not supported. Retrying in 0.39s...
2026-07-17 21:05:32,714 - osint_nexus.network - ERROR - Request failed: Impersonating edge110 is not supported
2026-07-17 21:05:32,714 - osint_nexus.retry - WARNING - Attempt 1/3 failed: Impersonating edge110 is not supported. Retrying in 0.43s...
2026-07-17 21:05:32,918 - osint_nexus.network - WARNING - Protective status code 403 detected.
2026-07-17 21:05:32,919 - osint_nexus.evasion - WARNING - Rotating proxy due to status 403
2026-07-17 21:05:33,855 - osint_nexus.network - WARNING - Protective status code 403 detected.
2026-07-17 21:05:33,856 - osint_nexus.evasion - WARNING - Rotating proxy due to status 403
2026-07-17 21:05:44,113 - osint_nexus.network - ERROR - Request failed: Failed to perform, curl: (28) Connection timed out after 10001 milliseconds. See https://curl.se/libcurl/c/libcurl-errors.html first for more details.
2026-07-17 21:05:44,114 - osint_nexus.retry - WARNING - Attempt 1/3 failed: Failed to perform, curl: (28) Connection timed out after 10001 milliseconds. See https://curl.se/libcurl/c/libcurl-errors.html first for more details.. Retrying in 0.44s...
2026-07-17 21:05:44,707 - osint_nexus.network - ERROR - Request failed: Impersonating edge110 is not supported
2026-07-17 21:05:44,708 - osint_nexus.retry - WARNING - Attempt 2/3 failed: Impersonating edge110 is not supported. Retrying in 0.70s...
2026-07-17 21:05:48,711 - osint_nexus.confidence - INFO - Confidence: 100.0% (High) | 12 platforms | Base Weight: 71.0
2026-07-17 21:09:50,508 - osint_nexus.validator - INFO - Validator initialised for 'missminu' with 3 rules
2026-07-17 21:09:50,509 - osint_nexus.hierarchy - INFO - Subsystem 'evasion' registered.
2026-07-17 21:09:50,509 - osint_nexus.hierarchy - INFO - Subsystem 'network' registered.
2026-07-17 21:09:50,509 - osint_nexus.hierarchy - INFO - Subsystem 'fingerprint' registered.
2026-07-17 21:09:50,521 - osint_nexus - INFO - Agent starting scan for: missminu
2026-07-17 21:09:50,729 - osint_nexus.network - ERROR - Request failed: Impersonating edge110 is not supported
2026-07-17 21:09:50,729 - osint_nexus.retry - WARNING - Attempt 1/3 failed: Impersonating edge110 is not supported. Retrying in 0.66s...
2026-07-17 21:09:52,884 - osint_nexus.orchestrator - ERROR - Scan failure in X: 1 validation error for IntelligenceObject
platform
  String should have at least 2 characters [type=string_too_short, input_value='X', input_type=str]
    For further information visit https://errors.pydantic.dev/2.13/v/string_too_short
Traceback (most recent call last):
  File "/data/data/com.termux/files/home/osint-nexus/osint_nexus/core/orchestrator.py", line 121, in _execute_provider
    intel = IntelligenceObject(
        platform=provider.name,
    ...<5 lines>...
        raw_data=str(content) if final_found else None
    )
  File "/data/data/com.termux/files/usr/lib/python3.14/site-packages/pydantic/main.py", line 263, in __init__
    validated_self = self.__pydantic_validator__.validate_python(data, self_instance=self)
pydantic_core._pydantic_core.ValidationError: 1 validation error for IntelligenceObject
platform
  String should have at least 2 characters [type=string_too_short, input_value='X', input_type=str]
    For further information visit https://errors.pydantic.dev/2.13/v/string_too_short
2026-07-17 21:09:56,458 - osint_nexus.network - WARNING - Protective status code 403 detected.
2026-07-17 21:09:56,459 - osint_nexus.evasion - WARNING - Rotating proxy due to status 403
2026-07-17 21:10:07,220 - osint_nexus.network - ERROR - Request failed: Failed to perform, curl: (28) Connection timed out after 10003 milliseconds. See https://curl.se/libcurl/c/libcurl-errors.html first for more details.
2026-07-17 21:10:07,221 - osint_nexus.retry - WARNING - Attempt 1/3 failed: Failed to perform, curl: (28) Connection timed out after 10003 milliseconds. See https://curl.se/libcurl/c/libcurl-errors.html first for more details.. Retrying in 0.49s...
2026-07-17 21:10:54,548 - osint_nexus.confidence - INFO - Confidence: 100.0% (High) | 13 platforms | Base Weight: 77.0
2026-07-17 21:13:09,549 - osint_nexus.validator - INFO - Validator initialised for 'missminu' with 3 rules
2026-07-17 21:13:09,550 - osint_nexus.hierarchy - INFO - Subsystem 'evasion' registered.
2026-07-17 21:13:09,550 - osint_nexus.hierarchy - INFO - Subsystem 'network' registered.
2026-07-17 21:13:09,550 - osint_nexus.hierarchy - INFO - Subsystem 'fingerprint' registered.
2026-07-17 21:13:09,562 - osint_nexus - INFO - Agent starting scan for: missminu
2026-07-17 21:13:09,780 - osint_nexus.network - ERROR - Request failed: Impersonating edge110 is not supported
2026-07-17 21:13:09,780 - osint_nexus.retry - WARNING - Attempt 1/3 failed: Impersonating edge110 is not supported. Retrying in 0.33s...
2026-07-17 21:13:12,397 - osint_nexus.orchestrator - ERROR - Scan failure in X: 1 validation error for IntelligenceObject
platform
  String should have at least 2 characters [type=string_too_short, input_value='X', input_type=str]
    For further information visit https://errors.pydantic.dev/2.13/v/string_too_short
Traceback (most recent call last):
  File "/data/data/com.termux/files/home/osint-nexus/osint_nexus/core/orchestrator.py", line 121, in _execute_provider
    intel = IntelligenceObject(
        platform=provider.name,
    ...<5 lines>...
        raw_data=str(content) if final_found else None
    )
  File "/data/data/com.termux/files/usr/lib/python3.14/site-packages/pydantic/main.py", line 263, in __init__
    validated_self = self.__pydantic_validator__.validate_python(data, self_instance=self)
pydantic_core._pydantic_core.ValidationError: 1 validation error for IntelligenceObject
platform
  String should have at least 2 characters [type=string_too_short, input_value='X', input_type=str]
    For further information visit https://errors.pydantic.dev/2.13/v/string_too_short
2026-07-17 21:13:13,870 - osint_nexus.network - WARNING - Protective status code 403 detected.
2026-07-17 21:13:13,870 - osint_nexus.evasion - WARNING - Rotating proxy due to status 403
2026-07-17 21:13:14,049 - osint_nexus.network - ERROR - Request failed: Impersonating edge110 is not supported
2026-07-17 21:13:14,050 - osint_nexus.retry - WARNING - Attempt 1/3 failed: Impersonating edge110 is not supported. Retrying in 0.61s...
2026-07-17 21:13:15,078 - osint_nexus.network - WARNING - Protective status code 403 detected.
2026-07-17 21:13:15,079 - osint_nexus.evasion - WARNING - Rotating proxy due to status 403
2026-07-17 21:13:15,124 - osint_nexus.network - ERROR - Request failed: Impersonating edge110 is not supported
2026-07-17 21:13:15,125 - osint_nexus.retry - WARNING - Attempt 2/3 failed: Impersonating edge110 is not supported. Retrying in 0.73s...
2026-07-17 21:13:15,188 - osint_nexus.network - WARNING - Protective status code 403 detected.
2026-07-17 21:13:15,189 - osint_nexus.evasion - WARNING - Rotating proxy due to status 403
2026-07-17 21:13:15,517 - osint_nexus.network - ERROR - Request failed: Impersonating edge110 is not supported
2026-07-17 21:13:15,518 - osint_nexus.retry - WARNING - Attempt 1/3 failed: Impersonating edge110 is not supported. Retrying in 0.58s...
2026-07-17 21:13:15,696 - osint_nexus.network - ERROR - Request failed: Impersonating edge110 is not supported
2026-07-17 21:13:15,697 - osint_nexus.retry - WARNING - Attempt 1/3 failed: Impersonating edge110 is not supported. Retrying in 0.41s...
2026-07-17 21:13:16,906 - osint_nexus.network - WARNING - Protective status code 403 detected.
2026-07-17 21:13:16,907 - osint_nexus.evasion - WARNING - Rotating proxy due to status 403
2026-07-17 21:13:26,010 - osint_nexus.network - ERROR - Request failed: Failed to perform, curl: (28) Connection timed out after 10001 milliseconds. See https://curl.se/libcurl/c/libcurl-errors.html first for more details.
2026-07-17 21:13:26,011 - osint_nexus.retry - WARNING - Attempt 1/3 failed: Failed to perform, curl: (28) Connection timed out after 10001 milliseconds. See https://curl.se/libcurl/c/libcurl-errors.html first for more details.. Retrying in 0.59s...
2026-07-17 21:13:36,267 - osint_nexus.confidence - INFO - Confidence: 100.0% (High) | 11 platforms | Base Weight: 66.0
2026-07-17 21:13:43,390 - osint_nexus.validator - INFO - Validator initialised for 'missminu' with 3 rules
2026-07-17 21:13:43,391 - osint_nexus.hierarchy - INFO - Subsystem 'evasion' registered.
2026-07-17 21:13:43,391 - osint_nexus.hierarchy - INFO - Subsystem 'network' registered.
2026-07-17 21:13:43,391 - osint_nexus.hierarchy - INFO - Subsystem 'fingerprint' registered.
2026-07-17 21:13:43,403 - osint_nexus - INFO - Agent starting scan for: missminu
2026-07-17 21:13:43,616 - osint_nexus.network - ERROR - Request failed: Impersonating edge110 is not supported
2026-07-17 21:13:43,616 - osint_nexus.retry - WARNING - Attempt 1/3 failed: Impersonating edge110 is not supported. Retrying in 0.41s...
2026-07-17 21:13:45,247 - osint_nexus.orchestrator - ERROR - Scan failure in X: 1 validation error for IntelligenceObject
platform
  String should have at least 2 characters [type=string_too_short, input_value='X', input_type=str]
    For further information visit https://errors.pydantic.dev/2.13/v/string_too_short
Traceback (most recent call last):
  File "/data/data/com.termux/files/home/osint-nexus/osint_nexus/core/orchestrator.py", line 121, in _execute_provider
    intel = IntelligenceObject(
        platform=provider.name,
    ...<5 lines>...
        raw_data=str(content) if final_found else None
    )
  File "/data/data/com.termux/files/usr/lib/python3.14/site-packages/pydantic/main.py", line 263, in __init__
    validated_self = self.__pydantic_validator__.validate_python(data, self_instance=self)
pydantic_core._pydantic_core.ValidationError: 1 validation error for IntelligenceObject
platform
  String should have at least 2 characters [type=string_too_short, input_value='X', input_type=str]
    For further information visit https://errors.pydantic.dev/2.13/v/string_too_short
2026-07-17 21:13:47,927 - osint_nexus.network - WARNING - Protective status code 403 detected.
2026-07-17 21:13:47,928 - osint_nexus.evasion - WARNING - Rotating proxy due to status 403
2026-07-17 21:13:48,062 - osint_nexus.network - WARNING - Protective status code 403 detected.
2026-07-17 21:13:48,062 - osint_nexus.evasion - WARNING - Rotating proxy due to status 403
2026-07-17 21:13:48,866 - osint_nexus.network - WARNING - Protective status code 403 detected.
2026-07-17 21:13:48,867 - osint_nexus.evasion - WARNING - Rotating proxy due to status 403
2026-07-17 21:13:48,934 - osint_nexus.network - WARNING - Protective status code 403 detected.
2026-07-17 21:13:48,934 - osint_nexus.evasion - WARNING - Rotating proxy due to status 403
2026-07-17 21:13:49,146 - osint_nexus.network - ERROR - Request failed: Impersonating edge110 is not supported
2026-07-17 21:13:49,147 - osint_nexus.retry - WARNING - Attempt 1/3 failed: Impersonating edge110 is not supported. Retrying in 0.33s...
2026-07-17 21:13:59,382 - osint_nexus.network - ERROR - Request failed: Failed to perform, curl: (28) Connection timed out after 10000 milliseconds. See https://curl.se/libcurl/c/libcurl-errors.html first for more details.
2026-07-17 21:13:59,384 - osint_nexus.retry - WARNING - Attempt 1/3 failed: Failed to perform, curl: (28) Connection timed out after 10000 milliseconds. See https://curl.se/libcurl/c/libcurl-errors.html first for more details.. Retrying in 0.37s...
2026-07-17 21:14:09,104 - osint_nexus.confidence - INFO - Confidence: 100.0% (High) | 11 platforms | Base Weight: 66.0
2026-07-17 21:19:25,086 - osint_nexus.validator - INFO - Validator initialised for 'missminu' with 3 rules
2026-07-17 21:19:25,087 - osint_nexus.hierarchy - INFO - Subsystem 'evasion' registered.
2026-07-17 21:19:25,087 - osint_nexus.hierarchy - INFO - Subsystem 'network' registered.
2026-07-17 21:19:25,087 - osint_nexus.hierarchy - INFO - Subsystem 'fingerprint' registered.
2026-07-17 21:19:25,101 - osint_nexus - INFO - Agent starting scan for: missminu
2026-07-17 21:19:28,001 - osint_nexus.orchestrator - ERROR - Scan failure in X: 1 validation error for IntelligenceObject
platform
  String should have at least 2 characters [type=string_too_short, input_value='X', input_type=str]
    For further information visit https://errors.pydantic.dev/2.13/v/string_too_short
Traceback (most recent call last):
  File "/data/data/com.termux/files/home/osint-nexus/osint_nexus/core/orchestrator.py", line 121, in _execute_provider
    intel = IntelligenceObject(
        platform=provider.name,
    ...<5 lines>...
        raw_data=str(content) if final_found else None
    )
  File "/data/data/com.termux/files/usr/lib/python3.14/site-packages/pydantic/main.py", line 263, in __init__
    validated_self = self.__pydantic_validator__.validate_python(data, self_instance=self)
pydantic_core._pydantic_core.ValidationError: 1 validation error for IntelligenceObject
platform
  String should have at least 2 characters [type=string_too_short, input_value='X', input_type=str]
    For further information visit https://errors.pydantic.dev/2.13/v/string_too_short
2026-07-17 21:19:30,973 - osint_nexus.network - WARNING - Protective status code 403 detected.
2026-07-17 21:19:30,974 - osint_nexus.evasion - WARNING - Rotating proxy due to status 403
2026-07-17 21:19:30,978 - osint_nexus.network - ERROR - Request failed: Impersonating edge110 is not supported
2026-07-17 21:19:30,978 - osint_nexus.retry - WARNING - Attempt 1/3 failed: Impersonating edge110 is not supported. Retrying in 0.73s...
2026-07-17 21:19:31,062 - osint_nexus.network - WARNING - Protective status code 403 detected.
2026-07-17 21:19:31,074 - osint_nexus.evasion - WARNING - Rotating proxy due to status 403
2026-07-17 21:19:41,747 - osint_nexus.network - ERROR - Request failed: Failed to perform, curl: (28) Connection timed out after 10002 milliseconds. See https://curl.se/libcurl/c/libcurl-errors.html first for more details.
2026-07-17 21:19:41,749 - osint_nexus.retry - WARNING - Attempt 1/3 failed: Failed to perform, curl: (28) Connection timed out after 10002 milliseconds. See https://curl.se/libcurl/c/libcurl-errors.html first for more details.. Retrying in 0.49s...
2026-07-17 21:19:57,993 - osint_nexus.confidence - INFO - Confidence: 100.0% (High) | 12 platforms | Base Weight: 72.0
2026-07-17 21:20:19,574 - osint_nexus.validator - INFO - Validator initialised for 'missminu' with 3 rules
2026-07-17 21:20:19,574 - osint_nexus.hierarchy - INFO - Subsystem 'evasion' registered.
2026-07-17 21:20:19,575 - osint_nexus.hierarchy - INFO - Subsystem 'network' registered.
2026-07-17 21:20:19,575 - osint_nexus.hierarchy - INFO - Subsystem 'fingerprint' registered.
2026-07-17 21:20:19,586 - osint_nexus - INFO - Agent starting scan for: missminu
2026-07-17 21:20:19,709 - osint_nexus.network - ERROR - Request failed: Impersonating edge110 is not supported
2026-07-17 21:20:19,710 - osint_nexus.retry - WARNING - Attempt 1/3 failed: Impersonating edge110 is not supported. Retrying in 0.45s...
2026-07-17 21:20:19,726 - osint_nexus.network - ERROR - Request failed: Impersonating edge110 is not supported
2026-07-17 21:20:19,726 - osint_nexus.retry - WARNING - Attempt 1/3 failed: Impersonating edge110 is not supported. Retrying in 0.53s...
2026-07-17 21:20:19,789 - osint_nexus.network - ERROR - Request failed: Impersonating edge110 is not supported
2026-07-17 21:20:19,789 - osint_nexus.retry - WARNING - Attempt 1/3 failed: Impersonating edge110 is not supported. Retrying in 0.69s...
2026-07-17 21:20:19,861 - osint_nexus.network - ERROR - Request failed: Impersonating edge110 is not supported
2026-07-17 21:20:19,861 - osint_nexus.retry - WARNING - Attempt 1/3 failed: Impersonating edge110 is not supported. Retrying in 0.70s...
2026-07-17 21:20:20,076 - osint_nexus.network - ERROR - Request failed: Impersonating edge110 is not supported
2026-07-17 21:20:20,076 - osint_nexus.retry - WARNING - Attempt 1/3 failed: Impersonating edge110 is not supported. Retrying in 0.63s...
2026-07-17 21:20:22,139 - osint_nexus.orchestrator - ERROR - Scan failure in X: 1 validation error for IntelligenceObject
platform
  String should have at least 2 characters [type=string_too_short, input_value='X', input_type=str]
    For further information visit https://errors.pydantic.dev/2.13/v/string_too_short
Traceback (most recent call last):
  File "/data/data/com.termux/files/home/osint-nexus/osint_nexus/core/orchestrator.py", line 121, in _execute_provider
    intel = IntelligenceObject(
        platform=provider.name,
    ...<5 lines>...
        raw_data=str(content) if final_found else None
    )
  File "/data/data/com.termux/files/usr/lib/python3.14/site-packages/pydantic/main.py", line 263, in __init__
    validated_self = self.__pydantic_validator__.validate_python(data, self_instance=self)
pydantic_core._pydantic_core.ValidationError: 1 validation error for IntelligenceObject
platform
  String should have at least 2 characters [type=string_too_short, input_value='X', input_type=str]
    For further information visit https://errors.pydantic.dev/2.13/v/string_too_short
2026-07-17 21:20:24,398 - osint_nexus.network - WARNING - Protective status code 403 detected.
2026-07-17 21:20:24,399 - osint_nexus.evasion - WARNING - Rotating proxy due to status 403
2026-07-17 21:20:25,622 - osint_nexus.network - WARNING - Protective status code 403 detected.
2026-07-17 21:20:25,623 - osint_nexus.evasion - WARNING - Rotating proxy due to status 403
2026-07-17 21:20:25,707 - osint_nexus.network - ERROR - Request failed: Impersonating edge110 is not supported
2026-07-17 21:20:25,708 - osint_nexus.retry - WARNING - Attempt 1/3 failed: Impersonating edge110 is not supported. Retrying in 0.41s...
2026-07-17 21:20:35,984 - osint_nexus.network - ERROR - Request failed: Failed to perform, curl: (28) Connection timed out after 10001 milliseconds. See https://curl.se/libcurl/c/libcurl-errors.html first for more details.
2026-07-17 21:20:35,986 - osint_nexus.retry - WARNING - Attempt 1/3 failed: Failed to perform, curl: (28) Connection timed out after 10001 milliseconds. See https://curl.se/libcurl/c/libcurl-errors.html first for more details.. Retrying in 0.40s...
2026-07-17 21:20:36,872 - osint_nexus.network - ERROR - Request failed: Impersonating edge110 is not supported
2026-07-17 21:20:36,873 - osint_nexus.retry - WARNING - Attempt 2/3 failed: Impersonating edge110 is not supported. Retrying in 0.85s...
2026-07-17 21:20:36,887 - osint_nexus.network - ERROR - Request failed: Failed to perform, curl: (28) Connection timed out after 10003 milliseconds. See https://curl.se/libcurl/c/libcurl-errors.html first for more details.
2026-07-17 21:20:36,888 - osint_nexus.retry - WARNING - Attempt 1/3 failed: Failed to perform, curl: (28) Connection timed out after 10003 milliseconds. See https://curl.se/libcurl/c/libcurl-errors.html first for more details.. Retrying in 0.52s...
2026-07-17 21:20:40,273 - osint_nexus.network - ERROR - Request failed: Failed to perform, curl: (35) TLS connect error: error:00000000:invalid library (0):OPENSSL_internal:invalid library (0). See https://curl.se/libcurl/c/libcurl-errors.html first for more details.
2026-07-17 21:20:40,275 - osint_nexus.retry - WARNING - Attempt 2/3 failed: Failed to perform, curl: (35) TLS connect error: error:00000000:invalid library (0):OPENSSL_internal:invalid library (0). See https://curl.se/libcurl/c/libcurl-errors.html first for more details.. Retrying in 1.43s...
2026-07-17 21:20:40,631 - osint_nexus.network - ERROR - Request failed: Failed to perform, curl: (35) TLS connect error: error:00000000:invalid library (0):OPENSSL_internal:invalid library (0). See https://curl.se/libcurl/c/libcurl-errors.html first for more details.
2026-07-17 21:20:40,632 - osint_nexus.retry - ERROR - All 3 retries exhausted. Last error: Failed to perform, curl: (35) TLS connect error: error:00000000:invalid library (0):OPENSSL_internal:invalid library (0). See https://curl.se/libcurl/c/libcurl-errors.html first for more details.
2026-07-17 21:20:40,633 - osint_nexus.network - ERROR - Request failed after retries: https://shad.ir/missminu
Traceback (most recent call last):
  File "/data/data/com.termux/files/usr/lib/python3.14/site-packages/curl_cffi/requests/session.py", line 1337, in _request_once
    await task
curl_cffi.curl.CurlError: Failed to perform, curl: (35) TLS connect error: error:00000000:invalid library (0):OPENSSL_internal:invalid library (0). See https://curl.se/libcurl/c/libcurl-errors.html first for more details.

The above exception was the direct cause of the following exception:

Traceback (most recent call last):
  File "/data/data/com.termux/files/home/osint-nexus/osint_nexus/utils/network.py", line 107, in fetch
    return await self.retry.run(_attempt)
           ^^^^^^^^^^^^^^^^^^^^^^^^^^^^^^
  File "/data/data/com.termux/files/home/osint-nexus/osint_nexus/utils/retry.py", line 67, in run
    return await func(*args, **kwargs)
           ^^^^^^^^^^^^^^^^^^^^^^^^^^^
  File "/data/data/com.termux/files/home/osint-nexus/osint_nexus/utils/network.py", line 94, in _attempt
    response = await session.get(
               ^^^^^^^^^^^^^^^^^^
    ...<3 lines>...
    )
    ^
  File "/data/data/com.termux/files/usr/lib/python3.14/site-packages/curl_cffi/requests/session.py", line 1447, in get
    return await self.request(method="GET", url=url, **kwargs)
           ^^^^^^^^^^^^^^^^^^^^^^^^^^^^^^^^^^^^^^^^^^^^^^^^^^^
  File "/data/data/com.termux/files/usr/lib/python3.14/site-packages/curl_cffi/requests/session.py", line 1400, in request
    return await self._request_once(
           ^^^^^^^^^^^^^^^^^^^^^^^^^
    ...<34 lines>...
    )
    ^
  File "/data/data/com.termux/files/usr/lib/python3.14/site-packages/curl_cffi/requests/session.py", line 1344, in _request_once
    raise error(str(e), e.code, rsp) from e
curl_cffi.requests.exceptions.SSLError: Failed to perform, curl: (35) TLS connect error: error:00000000:invalid library (0):OPENSSL_internal:invalid library (0). See https://curl.se/libcurl/c/libcurl-errors.html first for more details.
2026-07-17 21:20:50,922 - osint_nexus.confidence - INFO - Confidence: 100.0% (High) | 12 platforms | Base Weight: 71.0
2026-07-17 21:21:02,958 - osint_nexus.validator - INFO - Validator initialised for 'missminu' with 3 rules
2026-07-17 21:21:02,959 - osint_nexus.hierarchy - INFO - Subsystem 'evasion' registered.
2026-07-17 21:21:02,959 - osint_nexus.hierarchy - INFO - Subsystem 'network' registered.
2026-07-17 21:21:02,959 - osint_nexus.hierarchy - INFO - Subsystem 'fingerprint' registered.
2026-07-17 21:21:02,970 - osint_nexus - INFO - Agent starting scan for: missminu
2026-07-17 21:21:06,028 - osint_nexus.network - ERROR - Request failed: Failed to perform, curl: (35) TLS connect error: error:00000000:invalid library (0):OPENSSL_internal:invalid library (0). See https://curl.se/libcurl/c/libcurl-errors.html first for more details.
2026-07-17 21:21:06,040 - osint_nexus.retry - WARNING - Attempt 1/3 failed: Failed to perform, curl: (35) TLS connect error: error:00000000:invalid library (0):OPENSSL_internal:invalid library (0). See https://curl.se/libcurl/c/libcurl-errors.html first for more details.. Retrying in 0.52s...
2026-07-17 21:21:06,062 - osint_nexus.network - ERROR - Request failed: Failed to perform, curl: (35) TLS connect error: error:00000000:invalid library (0):OPENSSL_internal:invalid library (0). See https://curl.se/libcurl/c/libcurl-errors.html first for more details.
2026-07-17 21:21:06,063 - osint_nexus.retry - WARNING - Attempt 1/3 failed: Failed to perform, curl: (35) TLS connect error: error:00000000:invalid library (0):OPENSSL_internal:invalid library (0). See https://curl.se/libcurl/c/libcurl-errors.html first for more details.. Retrying in 0.44s...
2026-07-17 21:21:06,064 - osint_nexus.network - ERROR - Request failed: Failed to perform, curl: (35) TLS connect error: error:00000000:invalid library (0):OPENSSL_internal:invalid library (0). See https://curl.se/libcurl/c/libcurl-errors.html first for more details.
2026-07-17 21:21:06,064 - osint_nexus.retry - WARNING - Attempt 1/3 failed: Failed to perform, curl: (35) TLS connect error: error:00000000:invalid library (0):OPENSSL_internal:invalid library (0). See https://curl.se/libcurl/c/libcurl-errors.html first for more details.. Retrying in 0.36s...
2026-07-17 21:21:06,958 - osint_nexus.network - ERROR - Request failed: Failed to perform, curl: (35) TLS connect error: error:00000000:invalid library (0):OPENSSL_internal:invalid library (0). See https://curl.se/libcurl/c/libcurl-errors.html first for more details.
2026-07-17 21:21:06,959 - osint_nexus.retry - WARNING - Attempt 1/3 failed: Failed to perform, curl: (35) TLS connect error: error:00000000:invalid library (0):OPENSSL_internal:invalid library (0). See https://curl.se/libcurl/c/libcurl-errors.html first for more details.. Retrying in 0.43s...
2026-07-17 21:21:07,014 - osint_nexus.network - ERROR - Request failed: Failed to perform, curl: (35) TLS connect error: error:00000000:invalid library (0):OPENSSL_internal:invalid library (0). See https://curl.se/libcurl/c/libcurl-errors.html first for more details.
2026-07-17 21:21:07,014 - osint_nexus.retry - WARNING - Attempt 1/3 failed: Failed to perform, curl: (35) TLS connect error: error:00000000:invalid library (0):OPENSSL_internal:invalid library (0). See https://curl.se/libcurl/c/libcurl-errors.html first for more details.. Retrying in 0.61s...
2026-07-17 21:21:09,747 - osint_nexus.orchestrator - ERROR - Scan failure in X: 1 validation error for IntelligenceObject
platform
  String should have at least 2 characters [type=string_too_short, input_value='X', input_type=str]
    For further information visit https://errors.pydantic.dev/2.13/v/string_too_short
Traceback (most recent call last):
  File "/data/data/com.termux/files/home/osint-nexus/osint_nexus/core/orchestrator.py", line 121, in _execute_provider
    intel = IntelligenceObject(
        platform=provider.name,
    ...<5 lines>...
        raw_data=str(content) if final_found else None
    )
  File "/data/data/com.termux/files/usr/lib/python3.14/site-packages/pydantic/main.py", line 263, in __init__
    validated_self = self.__pydantic_validator__.validate_python(data, self_instance=self)
pydantic_core._pydantic_core.ValidationError: 1 validation error for IntelligenceObject
platform
  String should have at least 2 characters [type=string_too_short, input_value='X', input_type=str]
    For further information visit https://errors.pydantic.dev/2.13/v/string_too_short
2026-07-17 21:21:10,609 - osint_nexus.network - WARNING - Protective status code 403 detected.
2026-07-17 21:21:10,610 - osint_nexus.evasion - WARNING - Rotating proxy due to status 403
2026-07-17 21:21:11,195 - osint_nexus.network - WARNING - Protective status code 403 detected.
2026-07-17 21:21:11,196 - osint_nexus.evasion - WARNING - Rotating proxy due to status 403
2026-07-17 21:21:11,576 - osint_nexus.network - WARNING - Protective status code 403 detected.
2026-07-17 21:21:11,576 - osint_nexus.evasion - WARNING - Rotating proxy due to status 403
2026-07-17 21:21:11,833 - osint_nexus.network - WARNING - Protective status code 403 detected.
2026-07-17 21:21:11,834 - osint_nexus.evasion - WARNING - Rotating proxy due to status 403
2026-07-17 21:21:22,344 - osint_nexus.network - ERROR - Request failed: Failed to perform, curl: (28) Connection timed out after 10001 milliseconds. See https://curl.se/libcurl/c/libcurl-errors.html first for more details.
2026-07-17 21:21:22,346 - osint_nexus.retry - WARNING - Attempt 1/3 failed: Failed to perform, curl: (28) Connection timed out after 10001 milliseconds. See https://curl.se/libcurl/c/libcurl-errors.html first for more details.. Retrying in 0.59s...
2026-07-17 21:21:38,027 - osint_nexus.confidence - INFO - Confidence: 100.0% (High) | 11 platforms | Base Weight: 66.0
2026-07-17 21:24:17,640 - osint_nexus.validator - INFO - Validator initialised for 'missminu' with 3 rules
2026-07-17 21:24:17,641 - osint_nexus.hierarchy - INFO - Subsystem 'evasion' registered.
2026-07-17 21:24:17,641 - osint_nexus.hierarchy - INFO - Subsystem 'network' registered.
2026-07-17 21:24:17,641 - osint_nexus.hierarchy - INFO - Subsystem 'fingerprint' registered.
2026-07-17 21:24:17,656 - osint_nexus - INFO - Agent starting scan for: missminu
2026-07-17 21:24:20,339 - osint_nexus.orchestrator - ERROR - Scan failure in X: 1 validation error for IntelligenceObject
platform
  String should have at least 2 characters [type=string_too_short, input_value='X', input_type=str]
    For further information visit https://errors.pydantic.dev/2.13/v/string_too_short
Traceback (most recent call last):
  File "/data/data/com.termux/files/home/osint-nexus/osint_nexus/core/orchestrator.py", line 121, in _execute_provider
    intel = IntelligenceObject(
        platform=provider.name,
    ...<5 lines>...
        raw_data=str(content) if final_found else None
    )
  File "/data/data/com.termux/files/usr/lib/python3.14/site-packages/pydantic/main.py", line 263, in __init__
    validated_self = self.__pydantic_validator__.validate_python(data, self_instance=self)
pydantic_core._pydantic_core.ValidationError: 1 validation error for IntelligenceObject
platform
  String should have at least 2 characters [type=string_too_short, input_value='X', input_type=str]
    For further information visit https://errors.pydantic.dev/2.13/v/string_too_short
2026-07-17 21:24:22,356 - osint_nexus.network - WARNING - Protective status code 403 detected.
2026-07-17 21:24:22,357 - osint_nexus.evasion - WARNING - Rotating proxy due to status 403
2026-07-17 21:24:23,420 - osint_nexus.network - WARNING - Protective status code 403 detected.
2026-07-17 21:24:23,421 - osint_nexus.evasion - WARNING - Rotating proxy due to status 403
2026-07-17 21:24:23,494 - osint_nexus.network - WARNING - Protective status code 403 detected.
2026-07-17 21:24:23,495 - osint_nexus.evasion - WARNING - Rotating proxy due to status 403
2026-07-17 21:24:24,041 - osint_nexus.network - WARNING - Protective status code 403 detected.
2026-07-17 21:24:24,042 - osint_nexus.evasion - WARNING - Rotating proxy due to status 403
2026-07-17 21:24:34,261 - osint_nexus.network - ERROR - Request failed: Failed to perform, curl: (28) Connection timed out after 10006 milliseconds. See https://curl.se/libcurl/c/libcurl-errors.html first for more details.
2026-07-17 21:24:34,263 - osint_nexus.retry - WARNING - Attempt 1/3 failed: Failed to perform, curl: (28) Connection timed out after 10006 milliseconds. See https://curl.se/libcurl/c/libcurl-errors.html first for more details.. Retrying in 0.52s...
2026-07-17 21:24:42,494 - osint_nexus.confidence - INFO - Confidence: 100.0% (High) | 11 platforms | Base Weight: 66.0
2026-07-17 21:25:12,094 - osint_nexus.validator - INFO - Validator initialised for 'missminu' with 3 rules
2026-07-17 21:25:12,094 - osint_nexus.hierarchy - INFO - Subsystem 'evasion' registered.
2026-07-17 21:25:12,094 - osint_nexus.hierarchy - INFO - Subsystem 'network' registered.
2026-07-17 21:25:12,095 - osint_nexus.hierarchy - INFO - Subsystem 'fingerprint' registered.
2026-07-17 21:25:12,109 - osint_nexus - INFO - Agent starting scan for: missminu
2026-07-17 21:25:12,977 - osint_nexus.orchestrator - INFO - Inferred device for Telegram: {'device_type': 'Unknown', 'os_guess': 'Unknown', 'confidence': 0.0, 'signals': ['No heuristics matched']}
2026-07-17 21:25:13,952 - osint_nexus.orchestrator - INFO - Inferred device for X: {'device_type': 'Unknown', 'os_guess': 'Unknown', 'confidence': 0.0, 'signals': ['No heuristics matched']}
2026-07-17 21:25:14,048 - osint_nexus.orchestrator - INFO - Inferred device for Instagram: {'device_type': 'Unknown', 'os_guess': 'Unknown', 'confidence': 0.0, 'signals': ['No heuristics matched']}
2026-07-17 21:25:14,067 - osint_nexus.orchestrator - ERROR - Scan failure in X: 1 validation error for IntelligenceObject
platform
  String should have at least 2 characters [type=string_too_short, input_value='X', input_type=str]
    For further information visit https://errors.pydantic.dev/2.13/v/string_too_short
Traceback (most recent call last):
  File "/data/data/com.termux/files/home/osint-nexus/osint_nexus/core/orchestrator.py", line 122, in _execute_provider
    intel = IntelligenceObject(
        platform=provider.name,
    ...<5 lines>...
        raw_data=str(content) if final_found else None
    )
  File "/data/data/com.termux/files/usr/lib/python3.14/site-packages/pydantic/main.py", line 263, in __init__
    validated_self = self.__pydantic_validator__.validate_python(data, self_instance=self)
pydantic_core._pydantic_core.ValidationError: 1 validation error for IntelligenceObject
platform
  String should have at least 2 characters [type=string_too_short, input_value='X', input_type=str]
    For further information visit https://errors.pydantic.dev/2.13/v/string_too_short
2026-07-17 21:25:14,403 - osint_nexus.orchestrator - INFO - Inferred device for Facebook: {'device_type': 'Unknown', 'os_guess': 'Unknown', 'confidence': 0.0, 'signals': ['No heuristics matched']}
2026-07-17 21:25:15,389 - osint_nexus.network - WARNING - Protective status code 429 detected.
2026-07-17 21:25:15,391 - osint_nexus.evasion - WARNING - Rotating proxy due to status 429
2026-07-17 21:25:15,844 - osint_nexus.orchestrator - INFO - Inferred device for Threads: {'device_type': 'Unknown', 'os_guess': 'Unknown', 'confidence': 0.0, 'signals': ['No heuristics matched']}
2026-07-17 21:25:15,861 - osint_nexus.orchestrator - INFO - Inferred device for Snapchat: {'device_type': 'Unknown', 'os_guess': 'Unknown', 'confidence': 0.0, 'signals': ['No heuristics matched']}
2026-07-17 21:25:15,914 - osint_nexus.orchestrator - INFO - Inferred device for TikTok: {'device_type': 'Unknown', 'os_guess': 'Unknown', 'confidence': 0.0, 'signals': ['No heuristics matched']}
2026-07-17 21:25:16,685 - osint_nexus.network - WARNING - Protective status code 403 detected.
2026-07-17 21:25:16,686 - osint_nexus.evasion - WARNING - Rotating proxy due to status 403
2026-07-17 21:25:17,547 - osint_nexus.network - WARNING - Protective status code 403 detected.
2026-07-17 21:25:17,548 - osint_nexus.evasion - WARNING - Rotating proxy due to status 403
2026-07-17 21:25:17,617 - osint_nexus.orchestrator - INFO - Inferred device for Medium: {'device_type': 'Unknown', 'os_guess': 'Linux', 'confidence': 0.6, 'signals': ['Linux distro signature found in banner']}
2026-07-17 21:25:17,925 - osint_nexus.orchestrator - INFO - Inferred device for Pinterest: {'device_type': 'Unknown', 'os_guess': 'Linux', 'confidence': 0.6, 'signals': ['Linux distro signature found in banner']}
2026-07-17 21:25:17,927 - osint_nexus.network - WARNING - Protective status code 403 detected.
2026-07-17 21:25:17,927 - osint_nexus.evasion - WARNING - Rotating proxy due to status 403
2026-07-17 21:25:18,922 - osint_nexus.orchestrator - INFO - Inferred device for Soroush+: {'device_type': 'Unknown', 'os_guess': 'Unknown', 'confidence': 0.0, 'signals': ['No heuristics matched']}
2026-07-17 21:25:19,360 - osint_nexus.orchestrator - INFO - Inferred device for Eitaa: {'device_type': 'Unknown', 'os_guess': 'Unknown', 'confidence': 0.0, 'signals': ['No heuristics matched']}
2026-07-17 21:25:19,598 - osint_nexus.orchestrator - INFO - Inferred device for Twitch: {'device_type': 'Unknown', 'os_guess': 'Unknown', 'confidence': 0.0, 'signals': ['No heuristics matched']}
2026-07-17 21:25:22,560 - osint_nexus.orchestrator - INFO - Inferred device for GitHub: {'device_type': 'IoT/SBC', 'os_guess': 'Linux', 'confidence': 1.0, 'signals': ['OS CPE match: Linux', 'OUI Match: Raspberry Pi Foundation (IoT/SBC)', 'Port 22 (SSH) open -> leans Linux Server']}
2026-07-17 21:25:29,287 - osint_nexus.network - ERROR - Request failed: Failed to perform, curl: (28) Connection timed out after 10000 milliseconds. See https://curl.se/libcurl/c/libcurl-errors.html first for more details.
2026-07-17 21:25:29,288 - osint_nexus.retry - WARNING - Attempt 1/3 failed: Failed to perform, curl: (28) Connection timed out after 10000 milliseconds. See https://curl.se/libcurl/c/libcurl-errors.html first for more details.. Retrying in 0.29s...
2026-07-17 21:25:32,129 - osint_nexus.network - ERROR - Request failed: Failed to perform, curl: (35) TLS connect error: error:00000000:invalid library (0):OPENSSL_internal:invalid library (0). See https://curl.se/libcurl/c/libcurl-errors.html first for more details.
2026-07-17 21:25:32,130 - osint_nexus.retry - WARNING - Attempt 2/3 failed: Failed to perform, curl: (35) TLS connect error: error:00000000:invalid library (0):OPENSSL_internal:invalid library (0). See https://curl.se/libcurl/c/libcurl-errors.html first for more details.. Retrying in 1.36s...
2026-07-17 21:25:38,889 - osint_nexus.confidence - INFO - Confidence: 100.0% (High) | 12 platforms | Base Weight: 71.0
2026-07-17 21:26:09,429 - osint_nexus.validator - INFO - Validator initialised for 'missminu' with 3 rules
2026-07-17 21:26:09,430 - osint_nexus.hierarchy - INFO - Subsystem 'evasion' registered.
2026-07-17 21:26:09,430 - osint_nexus.hierarchy - INFO - Subsystem 'network' registered.
2026-07-17 21:26:09,430 - osint_nexus.hierarchy - INFO - Subsystem 'fingerprint' registered.
2026-07-17 21:26:09,448 - osint_nexus - INFO - Agent starting scan for: missminu
2026-07-17 21:26:10,187 - osint_nexus.orchestrator - INFO - Inferred device for Telegram: {'device_type': 'Unknown', 'os_guess': 'Unknown', 'confidence': 0.0, 'signals': ['No heuristics matched']}
2026-07-17 21:26:11,114 - osint_nexus.orchestrator - INFO - Inferred device for Instagram: {'device_type': 'Unknown', 'os_guess': 'Unknown', 'confidence': 0.0, 'signals': ['No heuristics matched']}
2026-07-17 21:26:11,305 - osint_nexus.orchestrator - INFO - Inferred device for X: {'device_type': 'Unknown', 'os_guess': 'Unknown', 'confidence': 0.0, 'signals': ['No heuristics matched']}
2026-07-17 21:26:11,316 - osint_nexus.orchestrator - ERROR - Scan failure in X: 1 validation error for IntelligenceObject
platform
  String should have at least 2 characters [type=string_too_short, input_value='X', input_type=str]
    For further information visit https://errors.pydantic.dev/2.13/v/string_too_short
Traceback (most recent call last):
  File "/data/data/com.termux/files/home/osint-nexus/osint_nexus/core/orchestrator.py", line 122, in _execute_provider
    intel = IntelligenceObject(
        platform=provider.name,
    ...<5 lines>...
        raw_data=str(content) if final_found else None
    )
  File "/data/data/com.termux/files/usr/lib/python3.14/site-packages/pydantic/main.py", line 263, in __init__
    validated_self = self.__pydantic_validator__.validate_python(data, self_instance=self)
pydantic_core._pydantic_core.ValidationError: 1 validation error for IntelligenceObject
platform
  String should have at least 2 characters [type=string_too_short, input_value='X', input_type=str]
    For further information visit https://errors.pydantic.dev/2.13/v/string_too_short
2026-07-17 21:26:11,611 - osint_nexus.orchestrator - INFO - Inferred device for Facebook: {'device_type': 'Unknown', 'os_guess': 'Unknown', 'confidence': 0.0, 'signals': ['No heuristics matched']}
2026-07-17 21:26:12,950 - osint_nexus.orchestrator - INFO - Inferred device for TikTok: {'device_type': 'Unknown', 'os_guess': 'Unknown', 'confidence': 0.0, 'signals': ['No heuristics matched']}
2026-07-17 21:26:13,103 - osint_nexus.orchestrator - INFO - Inferred device for Snapchat: {'device_type': 'Unknown', 'os_guess': 'Unknown', 'confidence': 0.0, 'signals': ['No heuristics matched']}
2026-07-17 21:26:13,318 - osint_nexus.orchestrator - INFO - Inferred device for Threads: {'device_type': 'Unknown', 'os_guess': 'Unknown', 'confidence': 0.0, 'signals': ['No heuristics matched']}
2026-07-17 21:26:13,916 - osint_nexus.orchestrator - INFO - Inferred device for Twitch: {'device_type': 'Unknown', 'os_guess': 'Unknown', 'confidence': 0.0, 'signals': ['No heuristics matched']}
2026-07-17 21:26:13,931 - osint_nexus.network - WARNING - Protective status code 403 detected.
2026-07-17 21:26:13,950 - osint_nexus.evasion - WARNING - Rotating proxy due to status 403
2026-07-17 21:26:14,399 - osint_nexus.network - WARNING - Protective status code 403 detected.
2026-07-17 21:26:14,400 - osint_nexus.evasion - WARNING - Rotating proxy due to status 403
2026-07-17 21:26:14,513 - osint_nexus.orchestrator - INFO - Inferred device for Medium: {'device_type': 'Unknown', 'os_guess': 'Linux', 'confidence': 0.6, 'signals': ['Linux distro signature found in banner']}
2026-07-17 21:26:14,825 - osint_nexus.orchestrator - INFO - Inferred device for Pinterest: {'device_type': 'Unknown', 'os_guess': 'Linux', 'confidence': 0.6, 'signals': ['Linux distro signature found in banner']}
2026-07-17 21:26:15,758 - osint_nexus.orchestrator - INFO - Inferred device for Eitaa: {'device_type': 'Unknown', 'os_guess': 'Unknown', 'confidence': 0.0, 'signals': ['No heuristics matched']}
2026-07-17 21:26:15,778 - osint_nexus.network - WARNING - Protective status code 403 detected.
2026-07-17 21:26:15,778 - osint_nexus.evasion - WARNING - Rotating proxy due to status 403
2026-07-17 21:26:16,283 - osint_nexus.orchestrator - INFO - Inferred device for Soroush+: {'device_type': 'Unknown', 'os_guess': 'Unknown', 'confidence': 0.0, 'signals': ['No heuristics matched']}
2026-07-17 21:26:18,592 - osint_nexus.orchestrator - INFO - Inferred device for GitHub: {'device_type': 'IoT/SBC', 'os_guess': 'Linux', 'confidence': 1.0, 'signals': ['OS CPE match: Linux', 'OUI Match: Raspberry Pi Foundation (IoT/SBC)', 'Port 22 (SSH) open -> leans Linux Server']}
2026-07-17 21:26:25,736 - osint_nexus.network - ERROR - Request failed: Failed to perform, curl: (28) Connection timed out after 10000 milliseconds. See https://curl.se/libcurl/c/libcurl-errors.html first for more details.
2026-07-17 21:26:25,737 - osint_nexus.retry - WARNING - Attempt 1/3 failed: Failed to perform, curl: (28) Connection timed out after 10000 milliseconds. See https://curl.se/libcurl/c/libcurl-errors.html first for more details.. Retrying in 0.74s...
2026-07-17 21:26:36,519 - osint_nexus.confidence - INFO - Confidence: 100.0% (High) | 12 platforms | Base Weight: 71.0
2026-07-17 21:29:00,460 - osint_nexus.validator - INFO - Validator initialised for 'missminu' with 3 rules
2026-07-17 21:29:00,461 - osint_nexus.hierarchy - INFO - Subsystem 'evasion' registered.
2026-07-17 21:29:00,461 - osint_nexus.hierarchy - INFO - Subsystem 'network' registered.
2026-07-17 21:29:00,461 - osint_nexus.hierarchy - INFO - Subsystem 'fingerprint' registered.
2026-07-17 21:29:00,473 - osint_nexus - INFO - Agent starting scan for: missminu
2026-07-17 21:29:01,474 - osint_nexus.orchestrator - INFO - Inferred device for Telegram: {'device_type': 'Unknown', 'os_guess': 'Unknown', 'confidence': 0.0, 'signals': ['No heuristics matched']}
2026-07-17 21:29:02,338 - osint_nexus.orchestrator - INFO - Inferred device for Instagram: {'device_type': 'Unknown', 'os_guess': 'Unknown', 'confidence': 0.0, 'signals': ['No heuristics matched']}
2026-07-17 21:29:02,385 - osint_nexus.orchestrator - INFO - Inferred device for Facebook: {'device_type': 'Unknown', 'os_guess': 'Unknown', 'confidence': 0.0, 'signals': ['No heuristics matched']}
2026-07-17 21:29:03,064 - osint_nexus.orchestrator - INFO - Inferred device for X: {'device_type': 'Unknown', 'os_guess': 'Unknown', 'confidence': 0.0, 'signals': ['No heuristics matched']}
2026-07-17 21:29:03,077 - osint_nexus.orchestrator - ERROR - Scan failure in X: 1 validation error for IntelligenceObject
platform
  String should have at least 2 characters [type=string_too_short, input_value='X', input_type=str]
    For further information visit https://errors.pydantic.dev/2.13/v/string_too_short
Traceback (most recent call last):
  File "/data/data/com.termux/files/home/osint-nexus/osint_nexus/core/orchestrator.py", line 122, in _execute_provider
    intel = IntelligenceObject(
        platform=provider.name,
    ...<5 lines>...
        raw_data=str(content) if final_found else None
    )
  File "/data/data/com.termux/files/usr/lib/python3.14/site-packages/pydantic/main.py", line 263, in __init__
    validated_self = self.__pydantic_validator__.validate_python(data, self_instance=self)
pydantic_core._pydantic_core.ValidationError: 1 validation error for IntelligenceObject
platform
  String should have at least 2 characters [type=string_too_short, input_value='X', input_type=str]
    For further information visit https://errors.pydantic.dev/2.13/v/string_too_short
2026-07-17 21:29:04,152 - osint_nexus.orchestrator - INFO - Inferred device for Threads: {'device_type': 'Unknown', 'os_guess': 'Unknown', 'confidence': 0.0, 'signals': ['No heuristics matched']}
2026-07-17 21:29:05,076 - osint_nexus.orchestrator - INFO - Inferred device for TikTok: {'device_type': 'Unknown', 'os_guess': 'Unknown', 'confidence': 0.0, 'signals': ['No heuristics matched']}
2026-07-17 21:29:05,562 - osint_nexus.orchestrator - INFO - Inferred device for Twitch: {'device_type': 'Unknown', 'os_guess': 'Unknown', 'confidence': 0.0, 'signals': ['No heuristics matched']}
2026-07-17 21:29:05,569 - osint_nexus.network - WARNING - Protective status code 403 detected.
2026-07-17 21:29:05,569 - osint_nexus.evasion - WARNING - Rotating proxy due to status 403
2026-07-17 21:29:05,619 - osint_nexus.orchestrator - INFO - Inferred device for Snapchat: {'device_type': 'Unknown', 'os_guess': 'Unknown', 'confidence': 0.0, 'signals': ['No heuristics matched']}
2026-07-17 21:29:06,669 - osint_nexus.orchestrator - INFO - Inferred device for Pinterest: {'device_type': 'Unknown', 'os_guess': 'Linux', 'confidence': 0.6, 'signals': ['Linux distro signature found in banner']}
2026-07-17 21:29:06,683 - osint_nexus.network - WARNING - Protective status code 403 detected.
2026-07-17 21:29:06,683 - osint_nexus.evasion - WARNING - Rotating proxy due to status 403
2026-07-17 21:29:06,703 - osint_nexus.orchestrator - INFO - Inferred device for Medium: {'device_type': 'Unknown', 'os_guess': 'Linux', 'confidence': 0.6, 'signals': ['Linux distro signature found in banner']}
2026-07-17 21:29:06,745 - osint_nexus.network - WARNING - Protective status code 403 detected.
2026-07-17 21:29:06,745 - osint_nexus.evasion - WARNING - Rotating proxy due to status 403
2026-07-17 21:29:07,832 - osint_nexus.orchestrator - INFO - Inferred device for Soroush+: {'device_type': 'Unknown', 'os_guess': 'Unknown', 'confidence': 0.0, 'signals': ['No heuristics matched']}
2026-07-17 21:29:07,849 - osint_nexus.orchestrator - INFO - Inferred device for Eitaa: {'device_type': 'Unknown', 'os_guess': 'Unknown', 'confidence': 0.0, 'signals': ['No heuristics matched']}
2026-07-17 21:29:10,555 - osint_nexus.orchestrator - INFO - Inferred device for GitHub: {'device_type': 'IoT/SBC', 'os_guess': 'Linux', 'confidence': 1.0, 'signals': ['OS CPE match: Linux', 'OUI Match: Raspberry Pi Foundation (IoT/SBC)', 'Port 22 (SSH) open -> leans Linux Server']}
2026-07-17 21:29:16,947 - osint_nexus.network - ERROR - Request failed: Failed to perform, curl: (28) Connection timed out after 10001 milliseconds. See https://curl.se/libcurl/c/libcurl-errors.html first for more details.
2026-07-17 21:29:16,948 - osint_nexus.retry - WARNING - Attempt 1/3 failed: Failed to perform, curl: (28) Connection timed out after 10001 milliseconds. See https://curl.se/libcurl/c/libcurl-errors.html first for more details.. Retrying in 0.41s...
2026-07-17 21:29:26,896 - osint_nexus.confidence - INFO - Confidence: 100.0% (High) | 12 platforms | Base Weight: 71.0
2026-07-17 21:37:01,293 - osint_nexus.validator - INFO - Validator initialised for 'missminu' with 3 rules
2026-07-17 21:37:01,294 - osint_nexus.hierarchy - INFO - Subsystem 'evasion' registered.
2026-07-17 21:37:01,294 - osint_nexus.hierarchy - INFO - Subsystem 'network' registered.
2026-07-17 21:37:01,294 - osint_nexus.hierarchy - INFO - Subsystem 'fingerprint' registered.
2026-07-17 21:37:01,306 - osint_nexus - INFO - Agent starting scan for: missminu
2026-07-17 21:37:02,450 - osint_nexus.orchestrator - INFO - Inferred device for Telegram: {'device_type': 'Unknown', 'os_guess': 'Unknown', 'confidence': 0.0, 'signals': ['No heuristics matched']}
2026-07-17 21:37:03,210 - osint_nexus.orchestrator - INFO - Inferred device for Facebook: {'device_type': 'Unknown', 'os_guess': 'Unknown', 'confidence': 0.0, 'signals': ['No heuristics matched']}
2026-07-17 21:37:03,353 - osint_nexus.orchestrator - INFO - Inferred device for Instagram: {'device_type': 'Unknown', 'os_guess': 'Unknown', 'confidence': 0.0, 'signals': ['No heuristics matched']}
2026-07-17 21:37:03,897 - osint_nexus.orchestrator - INFO - Inferred device for X: {'device_type': 'Unknown', 'os_guess': 'Unknown', 'confidence': 0.0, 'signals': ['No heuristics matched']}
2026-07-17 21:37:05,266 - osint_nexus.orchestrator - INFO - Inferred device for TikTok: {'device_type': 'Unknown', 'os_guess': 'Unknown', 'confidence': 0.0, 'signals': ['No heuristics matched']}
2026-07-17 21:37:05,823 - osint_nexus.orchestrator - INFO - Inferred device for Snapchat: {'device_type': 'Unknown', 'os_guess': 'Unknown', 'confidence': 0.0, 'signals': ['No heuristics matched']}
2026-07-17 21:37:06,097 - osint_nexus.network - WARNING - Protective status code 403 detected.
2026-07-17 21:37:06,110 - osint_nexus.evasion - WARNING - Rotating proxy due to status 403
2026-07-17 21:37:06,725 - osint_nexus.orchestrator - INFO - Inferred device for Pinterest: {'device_type': 'Unknown', 'os_guess': 'Linux', 'confidence': 0.6, 'signals': ['Linux distro signature found in banner']}
2026-07-17 21:37:07,504 - osint_nexus.orchestrator - INFO - Inferred device for Threads: {'device_type': 'Unknown', 'os_guess': 'Unknown', 'confidence': 0.0, 'signals': ['No heuristics matched']}
2026-07-17 21:37:07,772 - osint_nexus.network - WARNING - Protective status code 403 detected.
2026-07-17 21:37:07,773 - osint_nexus.evasion - WARNING - Rotating proxy due to status 403
2026-07-17 21:37:07,920 - osint_nexus.orchestrator - INFO - Inferred device for Medium: {'device_type': 'Unknown', 'os_guess': 'Linux', 'confidence': 0.6, 'signals': ['Linux distro signature found in banner']}
2026-07-17 21:37:08,113 - osint_nexus.network - WARNING - Protective status code 403 detected.
2026-07-17 21:37:08,114 - osint_nexus.evasion - WARNING - Rotating proxy due to status 403
2026-07-17 21:37:08,860 - osint_nexus.orchestrator - INFO - Inferred device for Eitaa: {'device_type': 'Unknown', 'os_guess': 'Unknown', 'confidence': 0.0, 'signals': ['No heuristics matched']}
2026-07-17 21:37:09,250 - osint_nexus.orchestrator - INFO - Inferred device for Soroush+: {'device_type': 'Unknown', 'os_guess': 'Unknown', 'confidence': 0.0, 'signals': ['No heuristics matched']}
2026-07-17 21:37:12,147 - osint_nexus.orchestrator - INFO - Inferred device for GitHub: {'device_type': 'IoT/SBC', 'os_guess': 'Linux', 'confidence': 1.0, 'signals': ['OS CPE match: Linux', 'OUI Match: Raspberry Pi Foundation (IoT/SBC)', 'Port 22 (SSH) open -> leans Linux Server']}
2026-07-17 21:37:18,597 - osint_nexus.network - ERROR - Request failed: Failed to perform, curl: (28) Connection timed out after 10002 milliseconds. See https://curl.se/libcurl/c/libcurl-errors.html first for more details.
2026-07-17 21:37:18,599 - osint_nexus.retry - WARNING - Attempt 1/3 failed: Failed to perform, curl: (28) Connection timed out after 10002 milliseconds. See https://curl.se/libcurl/c/libcurl-errors.html first for more details.. Retrying in 0.52s...
2026-07-17 21:37:28,485 - osint_nexus.confidence - INFO - Confidence: 100.0% (High) | 12 platforms | Base Weight: 71.0
